batter,matches,total_runs,balls_faced,fours,sixes,dismissals,strike_rate,batting_average,powerplay_runs,death_overs_runs
A Ashish Reddy,21,254,172,15,14,15,147.67441860465115,16.933333333333334,5.0,169.0
A Badoni,35,633,465,46,24,26,136.1290322580645,24.346153846153847,18.0,332.0
A Chandila,2,4,7,0,0,1,57.14285714285714,4.0,0.0,4.0
A Chopra,6,53,70,7,0,5,75.71428571428571,10.6,27.0,0.0
A Choudhary,3,25,20,1,1,2,125.0,12.5,0.0,24.0
A Dananjaya,1,4,5,0,0,0,80.0,inf,0.0,4.0
A Flintoff,3,62,50,5,2,2,124.0,31.0,14.0,22.0
A Kamboj,1,2,2,0,0,0,100.0,inf,0.0,0.0
A Kumble,14,35,45,3,0,2,77.77777777777779,17.5,0.0,29.0
A Manohar,15,231,174,21,10,14,132.75862068965517,16.5,12.0,85.0
A Mishra,51,350,382,28,5,27,91.62303664921467,12.962962962962964,1.0,219.0
A Mithun,6,34,24,4,1,5,141.66666666666669,6.8,0.0,13.0
A Mukund,2,19,22,1,0,2,86.36363636363636,9.5,14.0,0.0
A Nehra,13,28,44,2,1,7,63.63636363636363,4.0,0.0,23.0
A Nortje,12,49,48,6,0,5,102.08333333333333,9.8,0.0,46.0
A Raghuvanshi,7,163,102,16,8,7,159.80392156862746,23.285714285714285,78.0,0.0
A Singh,5,2,9,0,0,4,22.22222222222222,0.5,0.0,2.0
A Symonds,34,954,716,72,41,24,133.24022346368716,39.75,72.0,220.0
A Tomar,1,4,8,1,0,1,50.0,4.0,4.0,0.0
A Uniyal,2,4,7,0,0,1,57.14285714285714,4.0,0.0,4.0
A Zampa,5,15,24,1,0,5,62.5,3.0,0.0,5.0
AA Bilakhia,7,69,81,5,0,5,85.18518518518519,13.8,23.0,34.0
AA Chavan,2,11,8,2,0,1,137.5,11.0,0.0,11.0
AA Jhunjhunwala,13,207,190,17,5,12,108.94736842105263,17.25,19.0,53.0
AA Kulkarni,2,9,8,2,0,2,112.5,4.5,9.0,0.0
AA Noffke,1,9,10,1,0,1,90.0,9.0,0.0,0.0
AB Agarkar,18,177,147,13,5,8,120.40816326530613,22.125,20.0,108.0
AB Barath,3,42,41,5,1,2,102.4390243902439,21.0,18.0,2.0
AB Dinda,10,15,31,1,0,7,48.38709677419355,2.142857142857143,0.0,7.0
AB McDonald,9,123,96,9,4,5,128.125,24.6,30.0,78.0
AB de Villiers,164,4945,3236,399,235,123,152.81211372064277,40.203252032520325,741.0,1269.0
AC Blizzard,6,114,82,20,2,6,139.02439024390242,19.0,93.0,0.0
AC Gilchrist,73,1987,1373,226,91,70,144.7195921340131,28.385714285714286,1316.0,52.0
AC Voges,7,181,137,15,3,6,132.1167883211679,30.166666666666668,7.0,66.0
AD Hales,6,147,116,13,6,6,126.72413793103448,24.5,113.0,0.0
AD Mascarenhas,10,74,72,5,1,9,102.77777777777777,8.222222222222221,4.0,31.0
AD Mathews,23,423,320,34,15,16,132.1875,26.4375,9.0,243.0
AD Nath,10,90,98,7,2,10,91.83673469387756,9.0,11.0,16.0
AD Russell,104,2465,1392,168,208,84,177.08333333333331,29.345238095238095,41.0,1050.0
AF Milne,6,23,29,0,1,5,79.3103448275862,4.6,0.0,15.0
AG Murtaza,1,2,5,0,0,0,40.0,inf,0.0,2.0
AG Paunikar,5,48,54,9,0,5,88.88888888888889,9.6,48.0,0.0
AJ Finch,75,1603,1234,159,59,69,129.902755267423,23.231884057971016,666.0,182.0
AJ Hosein,1,16,10,1,1,0,160.0,inf,0.0,16.0
AJ Turner,6,24,27,0,2,5,88.88888888888889,4.8,0.0,4.0
AJ Tye,13,91,70,6,5,8,130.0,11.375,0.0,54.0
AK Markram,42,995,762,73,35,33,130.57742782152232,30.151515151515152,100.0,173.0
AL Menaria,20,317,282,20,13,18,112.41134751773049,17.61111111111111,2.0,73.0
AM Nayar,39,563,438,45,20,30,128.53881278538813,18.766666666666666,48.0,199.0
AM Rahane,165,4459,3555,460,101,151,125.42897327707453,29.52980132450331,2262.0,355.0
AN Ahmed,6,36,25,4,1,1,144.0,36.0,0.0,36.0
AN Ghosh,2,7,8,1,0,2,87.5,3.5,7.0,0.0
AP Dole,2,34,22,3,1,2,154.54545454545453,17.0,0.0,32.0
AP Tare,27,339,267,40,11,24,126.96629213483146,14.125,226.0,34.0
AR Bawne,1,12,12,1,0,0,100.0,inf,0.0,12.0
AR Patel,112,1643,1240,107,78,78,132.5,21.064102564102566,32.0,750.0
AS Joseph,5,27,31,3,0,1,87.09677419354838,27.0,0.0,16.0
AS Rajpoot,7,26,40,2,1,4,65.0,6.5,0.0,25.0
AS Raut,16,194,167,13,7,11,116.1676646706587,17.636363636363637,7.0,107.0
AS Roy,6,26,23,3,0,3,113.04347826086956,8.666666666666666,4.0,22.0
AS Yadav,6,49,37,5,2,7,132.43243243243242,7.0,0.0,39.0
AT Carey,3,32,27,0,1,2,118.5185185185185,16.0,0.0,31.0
AT Rayudu,179,4180,3222,347,166,146,129.73308504034762,28.63013698630137,742.0,860.0
AU Rashid,2,21,15,2,1,2,140.0,10.5,0.0,4.0
AUK Pathan,6,27,19,2,2,5,142.10526315789474,5.4,14.0,2.0
Abdul Basith,1,1,1,0,0,0,100.0,inf,0.0,1.0
Abdul Samad,39,574,388,36,36,32,147.93814432989691,17.9375,2.0,329.0
Abdur Razzak,1,0,2,0,0,0,0.0,0.0,0.0,0.0
Abhishek Sharma,61,1369,871,128,72,55,157.1756601607348,24.89090909090909,750.0,128.0
Abishek Porel,16,359,234,37,15,15,153.41880341880344,23.933333333333334,141.0,48.0
Akash Deep,3,19,12,2,1,2,158.33333333333331,9.5,0.0,10.0
Akash Madhwal,1,4,4,0,0,0,100.0,inf,0.0,4.0
Aman Hakim Khan,10,115,102,8,6,9,112.74509803921569,12.777777777777779,4.0,40.0
Anirudh Singh,4,63,66,6,1,4,95.45454545454545,15.75,18.0,9.0
Ankit Sharma,10,87,67,7,4,7,129.8507462686567,12.428571428571429,27.0,31.0
Ankit Soni,3,7,7,0,1,2,100.0,3.5,0.0,7.0
Anmolpreet Singh,9,139,115,19,3,9,120.8695652173913,15.444444444444445,116.0,0.0
Anuj Rawat,21,318,258,26,14,14,123.25581395348837,22.714285714285715,83.0,127.0
Anureet Singh,7,36,43,2,1,4,83.72093023255815,9.0,0.0,29.0
Arjun Tendulkar,1,13,9,0,1,1,144.44444444444443,13.0,0.0,13.0
Arshad Khan,6,96,63,5,6,4,152.38095238095238,24.0,0.0,62.0
Arshad Khan (2),1,5,4,1,0,1,125.0,5.0,0.0,5.0
Arshdeep Singh,11,29,39,4,0,5,74.35897435897436,5.8,0.0,25.0
Ashutosh Sharma,9,183,105,10,14,8,174.28571428571428,22.875,0.0,112.0
Atharva Taide,9,247,164,27,8,8,150.609756097561,30.875,144.0,0.0
Avesh Khan,8,41,24,3,3,1,170.83333333333331,41.0,0.0,29.0
Azhar Mahmood,20,388,291,39,13,18,133.33333333333331,21.555555555555557,22.0,96.0
Azmatullah Omarzai,4,42,33,2,2,4,127.27272727272727,10.5,0.0,0.0
B Akhil,10,63,44,5,4,6,143.1818181818182,10.5,0.0,49.0
B Chipli,17,237,203,24,6,14,116.7487684729064,16.928571428571427,37.0,61.0
B Indrajith,3,21,30,2,0,3,70.0,7.0,19.0,0.0
B Kumar,45,213,205,23,2,24,103.90243902439025,8.875,0.0,177.0
B Laughlin,4,5,13,0,0,2,38.46153846153847,2.5,0.0,1.0
B Lee,17,122,89,8,8,8,137.07865168539325,15.25,0.0,102.0
B Sai Sudharsan,25,1018,727,94,31,21,140.02751031636865,48.476190476190474,267.0,112.0
B Stanlake,1,5,2,1,0,0,250.0,inf,0.0,5.0
B Sumanth,4,35,37,3,0,1,94.5945945945946,35.0,0.0,23.0
BA Bhatt,2,6,7,0,1,0,85.71428571428571,inf,0.0,6.0
BA Stokes,43,934,686,81,32,41,136.15160349854227,22.78048780487805,240.0,127.0
BAW Mendis,2,1,2,0,0,1,50.0,1.0,0.0,1.0
BB McCullum,94,2423,1775,245,112,91,136.50704225352112,26.626373626373628,1288.0,141.0
BB Samantray,6,86,71,10,1,4,121.12676056338027,21.5,8.0,29.0
BB Sran,5,9,12,0,0,1,75.0,9.0,0.0,8.0
BCJ Cutting,17,238,137,15,19,11,173.72262773722628,21.636363636363637,0.0,208.0
BE Hendricks,2,1,3,0,0,1,33.33333333333333,1.0,0.0,1.0
BJ Haddin,1,18,11,2,1,1,163.63636363636365,18.0,18.0,0.0
BJ Hodge,46,1074,832,93,34,33,129.08653846153845,32.54545454545455,108.0,389.0
BJ Rohrer,6,173,115,19,5,5,150.43478260869566,34.6,0.0,73.0
BMAJ Mendis,3,23,27,0,0,3,85.18518518518519,7.666666666666667,1.0,0.0
BR Dunk,3,40,33,7,0,3,121.21212121212122,13.333333333333334,40.0,0.0
BR Sharath,1,2,5,0,0,1,40.0,2.0,0.0,0.0
Basil Thampi,7,32,33,1,1,2,96.96969696969697,16.0,0.0,29.0
Bipul Sharma,16,152,103,8,7,6,147.5728155339806,25.333333333333332,0.0,118.0
C Green,28,699,452,62,31,20,154.64601769911502,34.95,190.0,151.0
C Madan,1,14,17,3,0,1,82.35294117647058,14.0,14.0,0.0
C Munro,11,177,139,19,8,9,127.33812949640289,19.666666666666668,131.0,4.0
C Nanda,1,0,1,0,0,1,0.0,0.0,0.0,0.0
C Sakariya,7,20,29,3,0,5,68.96551724137932,4.0,0.0,19.0
C de Grandhomme,21,297,219,18,17,15,135.6164383561644,19.8,1.0,130.0
CA Ingram,14,192,166,21,5,12,115.66265060240963,16.0,14.0,53.0
CA Lynn,42,1317,930,131,65,39,141.61290322580643,33.76923076923077,773.0,30.0
CA Pujara,22,390,381,50,4,18,102.36220472440945,21.666666666666668,215.0,40.0
CH Gayle,135,4540,3056,379,314,122,148.56020942408378,37.21311475409836,2175.0,372.0
CH Morris,48,607,388,41,34,29,156.44329896907217,20.93103448275862,17.0,446.0
CJ Anderson,29,538,416,40,31,22,129.3269230769231,24.454545454545453,52.0,142.0
CJ Jordan,12,81,74,3,3,9,109.45945945945945,9.0,0.0,69.0
CJ McKay,1,8,15,0,0,1,53.333333333333336,8.0,0.0,0.0
CK Kapugedera,3,16,21,0,0,3,76.19047619047619,5.333333333333333,0.0,13.0
CK Langeveldt,2,8,9,0,1,2,88.88888888888889,4.0,0.0,1.0
CL White,40,769,606,62,28,30,126.8976897689769,25.633333333333333,87.0,246.0
CM Gautam,12,139,117,15,5,8,118.80341880341881,17.375,68.0,44.0
CR Brathwaite,14,180,107,10,16,14,168.22429906542055,12.857142857142858,0.0,140.0
CR Woakes,12,78,77,7,2,5,101.29870129870129,15.6,0.0,52.0
CRD Fernando,2,4,3,0,0,1,133.33333333333331,4.0,0.0,4.0
CV Varun,10,25,45,2,0,2,55.55555555555556,12.5,0.0,24.0
D Brevis,10,230,172,17,16,10,133.72093023255815,23.0,81.0,0.0
D Ferreira,2,8,11,0,0,2,72.72727272727273,4.0,0.0,3.0
D Kalyankrishna,1,3,7,0,0,1,42.857142857142854,3.0,0.0,3.0
D Padikkal,64,1555,1238,170,42,62,125.60581583198707,25.080645161290324,760.0,77.0
D Pretorius,5,44,28,3,3,4,157.14285714285714,11.0,0.0,34.0
D Salunkhe,3,33,24,5,0,1,137.5,33.0,0.0,25.0
D Wiese,11,147,98,12,7,6,150.0,24.5,0.0,109.0
D du Preez,1,10,13,0,0,1,76.92307692307693,10.0,0.0,3.0
DA Miller,122,2833,2002,201,128,83,141.50849150849152,34.13253012048193,98.0,953.0
DA Warner,178,6403,4510,648,225,159,141.97339246119734,40.270440251572325,3222.0,387.0
DAJ Bracewell,1,12,9,1,0,0,133.33333333333331,inf,0.0,12.0
DB Das,20,281,228,22,15,12,123.24561403508771,23.416666666666668,58.0,84.0
DB Ravi Teja,22,331,268,30,9,19,123.50746268656717,17.42105263157895,28.0,109.0
DE Bollinger,4,21,21,1,1,1,100.0,21.0,0.0,21.0
DG Nalkande,2,12,12,0,1,2,100.0,6.0,0.0,0.0
DH Yagnik,16,156,118,21,2,8,132.20338983050848,19.5,0.0,91.0
DJ Bravo,106,1528,1156,118,64,67,132.17993079584775,22.80597014925373,123.0,770.0
DJ Harris,4,111,99,11,5,3,112.12121212121211,37.0,57.0,0.0
DJ Hooda,96,1455,1114,94,61,76,130.61041292639138,19.144736842105264,160.0,323.0
DJ Hussey,56,1265,1004,86,58,45,125.99601593625498,28.11111111111111,134.0,254.0
DJ Jacobs,6,80,74,9,4,6,108.10810810810811,13.333333333333334,80.0,0.0
DJ Malan,1,26,25,1,1,1,104.0,26.0,1.0,0.0
DJ Mitchell,15,351,265,28,10,13,132.45283018867923,27.0,97.0,38.0
DJ Muthuswami,1,1,3,0,0,1,33.33333333333333,1.0,0.0,1.0
DJ Thornely,4,39,49,2,2,3,79.59183673469387,13.0,4.0,0.0
DJ Willey,5,53,60,7,0,3,88.33333333333333,17.666666666666668,6.0,21.0
DJG Sammy,20,295,232,15,18,15,127.15517241379311,19.666666666666668,8.0,112.0
DJM Short,7,115,98,11,5,7,117.34693877551021,16.428571428571427,50.0,0.0
DL Chahar,12,80,57,2,6,7,140.35087719298244,11.428571428571429,0.0,17.0
DL Vettori,16,121,103,11,2,7,117.4757281553398,17.285714285714285,0.0,61.0
DM Bravo,1,6,5,1,0,0,120.0,inf,0.0,6.0
DNT Zoysa,2,11,7,1,0,1,157.14285714285714,11.0,0.0,10.0
DP Conway,22,923,635,100,30,20,145.35433070866142,46.15,392.0,64.0
DP Nannes,2,4,13,0,0,1,30.76923076923077,4.0,0.0,1.0
DP Vijaykumar,1,1,1,0,0,0,100.0,inf,0.0,1.0
DPMD Jayawardene,61,1456,1131,156,35,49,128.73563218390805,29.714285714285715,434.0,277.0
DR Martyn,1,19,24,1,0,2,79.16666666666666,9.5,1.0,4.0
DR Sams,13,44,44,1,3,10,100.0,4.4,1.0,24.0
DR Shorey,2,13,17,0,1,2,76.47058823529412,6.5,0.0,0.0
DR Smith,87,2379,1705,244,117,80,139.5307917888563,29.7375,1209.0,115.0
DS Kulkarni,20,104,106,7,2,9,98.11320754716981,11.555555555555555,0.0,97.0
DS Lehmann,2,18,17,3,0,2,105.88235294117648,9.0,4.0,0.0
DT Christian,38,419,354,21,18,26,118.36158192090396,16.115384615384617,3.0,232.0
DT Patil,2,13,13,1,0,1,100.0,13.0,0.0,0.0
DW Steyn,31,152,150,12,3,21,101.33333333333334,7.238095238095238,0.0,143.0
Dhruv Jurel,22,347,228,29,16,13,152.19298245614036,26.692307692307693,0.0,211.0
E Lewis,26,654,469,62,36,24,139.4456289978678,27.25,420.0,24.0
EJG Morgan,71,1315,1037,102,62,59,126.80810028929605,22.28813559322034,161.0,389.0
ER Dwivedi,2,24,13,2,2,2,184.6153846153846,12.0,5.0,19.0
F Behardien,3,14,13,2,0,2,107.6923076923077,7.0,0.0,14.0
F du Plessis,136,4466,3220,413,162,123,138.69565217391303,36.3089430894309,2090.0,415.0
FA Allen,3,13,18,1,0,2,72.22222222222221,6.5,0.0,4.0
FH Edwards,2,4,5,0,0,1,80.0,4.0,0.0,4.0
FY Fazal,10,167,153,19,1,8,109.15032679738562,20.875,60.0,36.0
Fazalhaq Farooqi,2,3,13,0,0,0,23.076923076923077,inf,0.0,3.0
G Coetzee,5,14,20,0,1,4,70.0,3.5,0.0,9.0
G Gambhir,144,4012,3172,471,56,128,126.48171500630517,31.34375,2156.0,169.0
GB Hogg,4,22,22,1,0,2,100.0,11.0,0.0,22.0
GC Smith,25,689,601,86,9,26,114.64226289517472,26.5,335.0,36.0
GC Viljoen,3,3,5,0,0,2,60.0,1.5,0.0,3.0
GD McGrath,2,4,5,1,0,1,80.0,4.0,0.0,0.0
GD Phillips,8,65,54,3,6,7,120.37037037037037,9.285714285714286,0.0,45.0
GH Vihari,21,269,296,22,1,18,90.87837837837837,14.944444444444445,58.0,47.0
GHS Garton,2,2,4,0,0,1,50.0,2.0,0.0,2.0
GJ Bailey,36,660,530,59,19,29,124.52830188679245,22.75862068965517,131.0,284.0
GJ Maxwell,127,2751,1705,230,159,111,161.34897360703812,24.783783783783782,433.0,424.0
GR Napier,1,15,16,1,0,1,93.75,15.0,0.0,0.0
Gulbadin Naib,1,19,15,1,1,1,126.66666666666666,19.0,0.0,8.0
Gurkeerat Singh,32,511,411,55,11,27,124.33090024330899,18.925925925925927,35.0,201.0
H Das,1,2,5,0,0,1,40.0,2.0,0.0,2.0
H Klaasen,32,987,580,56,64,26,170.17241379310343,37.96153846153846,61.0,305.0
HC Brook,11,186,152,22,4,9,122.36842105263158,20.666666666666668,96.0,29.0
HE van der Dussen,3,22,22,2,0,2,100.0,11.0,0.0,12.0
HF Gurney,1,1,5,0,0,0,20.0,inf,0.0,1.0
HH Gibbs,36,886,781,83,31,32,113.44430217669654,27.6875,447.0,61.0
HH Pandya,128,2521,1707,188,137,88,147.68599882835383,28.647727272727273,168.0,1114.0
HM Amla,16,575,397,60,21,13,144.83627204030228,44.23076923076923,261.0,79.0
HR Shokeen,5,66,63,9,0,3,104.76190476190477,22.0,1.0,18.0
HV Patel,37,249,200,16,15,25,124.50000000000001,9.96,0.0,163.0
Harbhajan Singh,84,795,562,74,41,52,141.4590747330961,15.288461538461538,62.0,544.0
Harmeet Singh,4,18,12,3,0,2,150.0,9.0,0.0,18.0
Harpreet Brar,24,233,182,19,9,12,128.02197802197801,19.416666666666668,0.0,174.0
Harpreet Singh,5,99,89,9,3,4,111.23595505617978,24.75,30.0,15.0
Harshit Rana,3,2,3,0,0,2,66.66666666666666,1.0,0.0,0.0
I Malhotra,1,7,4,1,0,0,175.0,inf,0.0,7.0
I Sharma,21,57,67,4,2,7,85.07462686567165,8.142857142857142,0.0,44.0
I Udana,4,15,11,1,1,3,136.36363636363635,5.0,0.0,15.0
IK Pathan,76,1074,849,83,36,49,126.50176678445231,21.918367346938776,92.0,537.0
IR Jaggi,6,66,88,6,0,5,75.0,13.2,25.0,2.0
IS Sodhi,2,7,17,0,0,2,41.17647058823529,3.5,0.0,2.0
Imran Tahir,8,33,36,5,0,4,91.66666666666666,8.25,0.0,29.0
Iqbal Abdulla,11,75,68,8,1,1,110.29411764705883,75.0,0.0,47.0
Ishan Kishan,99,2635,1914,254,119,91,137.6698014629049,28.956043956043956,1247.0,177.0
J Arunkumar,3,23,22,5,0,3,104.54545454545455,7.666666666666667,23.0,0.0
J Botha,25,375,324,34,5,21,115.74074074074075,17.857142857142858,43.0,128.0
J Fraser-McGurk,9,324,136,32,27,8,238.23529411764704,40.5,260.0,0.0
J Suchith,8,70,57,6,3,4,122.80701754385966,17.5,0.0,46.0
J Syed Mohammad,5,29,26,4,0,2,111.53846153846155,14.5,0.0,20.0
J Theron,4,10,12,1,0,2,83.33333333333334,5.0,0.0,10.0
J Yadav,4,40,36,2,1,2,111.11111111111111,20.0,0.0,25.0
JA Morkel,62,929,637,59,52,38,145.83987441130296,24.44736842105263,18.0,527.0
JA Richardson,3,17,26,2,0,3,65.38461538461539,5.666666666666667,0.0,2.0
JC Archer,23,186,123,11,12,13,151.21951219512195,14.307692307692308,0.0,162.0
JC Buttler,106,3559,2373,354,159,94,149.9789296249473,37.861702127659576,1608.0,403.0
JD Ryder,5,56,48,9,0,5,116.66666666666667,11.2,53.0,0.0
JD Unadkat,27,197,161,16,7,14,122.36024844720497,14.071428571428571,0.0,148.0
JDP Oram,10,106,103,6,5,7,102.9126213592233,15.142857142857142,0.0,50.0
JDS Neesham,10,92,92,6,2,8,100.0,11.5,0.0,32.0
JE Root,1,10,15,1,0,1,66.66666666666666,10.0,10.0,0.0
JEC Franklin,13,264,224,20,7,8,117.85714285714286,33.0,40.0,77.0
JH Kallis,89,2352,2099,248,44,83,112.05335874225821,28.337349397590362,990.0,303.0
JJ Bumrah,25,68,76,5,1,7,89.47368421052632,9.714285714285714,0.0,62.0
JJ Roy,21,614,433,75,21,18,141.8013856812933,34.111111111111114,380.0,34.0
JJ van der Wath,3,18,16,1,1,2,112.5,9.0,0.0,14.0
JL Denly,1,0,1,0,0,1,0.0,0.0,0.0,0.0
JL Pattinson,2,15,13,2,0,1,115.38461538461537,15.0,0.0,15.0
JM Bairstow,50,1587,1079,166,69,48,147.08063021316033,33.0625,864.0,45.0
JM Kemp,2,26,24,1,1,2,108.33333333333333,13.0,2.0,3.0
JM Sharma,36,723,476,53,44,32,151.890756302521,22.59375,11.0,192.0
JO Holder,27,259,206,13,18,21,125.72815533980584,12.333333333333334,12.0,151.0
JP Behrendorff,2,6,9,0,0,0,66.66666666666666,inf,0.0,6.0
JP Duminy,71,1943,1513,125,77,47,128.42035690680765,41.340425531914896,235.0,675.0
JP Faulkner,42,499,359,35,22,27,138.9972144846797,18.48148148148148,14.0,361.0
JPR Scantlebury-Searles,2,8,6,0,1,1,133.33333333333331,8.0,0.0,8.0
JR Hazlewood,6,19,28,1,0,0,67.85714285714286,inf,0.0,16.0
JR Hopes,18,404,300,48,10,17,134.66666666666666,23.764705882352942,167.0,40.0
JR Philippe,5,78,76,9,1,4,102.63157894736842,19.5,51.0,1.0
Jaskaran Singh,4,8,11,0,0,2,72.72727272727273,4.0,0.0,7.0
Joginder Sharma,5,36,30,1,2,4,120.0,9.0,0.0,29.0
K Goel,16,218,223,17,9,13,97.75784753363229,16.76923076923077,160.0,24.0
K Gowtham,26,247,145,15,17,18,170.34482758620692,13.722222222222221,8.0,152.0
K Kartikeya,2,9,11,1,0,2,81.81818181818183,4.5,0.0,8.0
K Rabada,27,206,188,16,8,16,109.57446808510637,12.875,1.0,145.0
K Yadav,1,0,4,0,0,0,0.0,0.0,0.0,0.0
KA Jamieson,7,65,51,5,3,3,127.45098039215685,21.666666666666668,0.0,45.0
KA Maharaj,1,1,2,0,0,1,50.0,1.0,0.0,1.0
KA Pollard,165,3357,2217,217,218,126,151.42083897158324,26.642857142857142,53.0,1638.0
KAJ Roach,1,10,9,1,0,1,111.11111111111111,10.0,0.0,1.0
KB Arun Karthik,8,51,46,4,1,5,110.86956521739131,10.2,0.0,25.0
KC Cariappa,5,24,21,0,2,3,114.28571428571428,8.0,0.0,12.0
KC Sangakkara,62,1475,1201,169,24,63,122.81432139883431,23.41269841269841,507.0,115.0
KD Karthik,226,4617,3330,442,153,179,138.64864864864865,25.793296089385475,363.0,1542.0
KH Pandya,106,1643,1209,143,61,74,135.8974358974359,22.2027027027027,74.0,529.0
KJ Abbott,3,13,8,0,1,1,162.5,13.0,0.0,13.0
KK Ahmed,5,1,7,0,0,5,14.285714285714285,0.2,0.0,1.0
KK Cooper,12,115,66,9,8,9,174.24242424242425,12.777777777777779,7.0,66.0
KK Nair,68,1491,1148,160,39,65,129.8780487804878,22.93846153846154,500.0,211.0
KL Nagarkoti,7,22,33,1,0,4,66.66666666666666,5.5,0.0,15.0
KL Rahul,122,4680,3428,400,186,106,136.52275379229872,44.15094339622642,2010.0,585.0
KM Asif,1,0,2,0,0,1,0.0,0.0,0.0,0.0
KM Jadhav,76,1148,911,99,38,50,126.01536772777169,22.96,67.0,427.0
KMA Paul,5,18,22,1,1,4,81.81818181818183,4.5,0.0,18.0
KMDN Kulasekara,1,5,2,1,0,0,250.0,inf,0.0,5.0
KP Appanna,2,2,3,0,0,1,66.66666666666666,2.0,0.0,2.0
KP Pietersen,34,941,680,89,35,26,138.38235294117646,36.19230769230769,355.0,110.0
KR Mayers,13,373,253,38,21,13,147.4308300395257,28.692307692307693,276.0,0.0
KR Sen,1,0,3,0,0,0,0.0,0.0,0.0,0.0
KS Bharat,8,198,158,12,8,7,125.31645569620254,28.285714285714285,64.0,26.0
KS Sharma,3,16,25,1,0,3,64.0,5.333333333333333,10.0,0.0
KS Williamson,76,2128,1667,187,64,59,127.65446910617877,36.067796610169495,483.0,336.0
KV Sharma,38,344,269,20,17,24,127.8810408921933,14.333333333333334,6.0,227.0
KW Richardson,2,2,3,0,0,1,66.66666666666666,2.0,0.0,2.0
Kamran Akmal,6,124,75,12,8,4,165.33333333333334,31.0,47.0,20.0
Kamran Khan,1,3,5,0,0,1,60.0,3.0,0.0,0.0
Karanveer Singh,4,12,17,1,0,1,70.58823529411765,12.0,0.0,8.0
Kartik Tyagi,6,13,15,1,0,4,86.66666666666667,3.25,0.0,13.0
Kuldeep Yadav,32,183,212,16,3,10,86.32075471698113,18.3,0.0,146.0
Kumar Kushagra,3,3,7,0,0,3,42.857142857142854,1.0,2.0,0.0
L Ablish,1,0,2,0,0,0,0.0,0.0,0.0,0.0
L Balaji,12,35,45,2,1,7,77.77777777777779,5.0,0.0,31.0
L Ronchi,5,34,34,6,1,3,100.0,11.333333333333334,34.0,0.0
L Wood,1,9,3,0,1,0,300.0,inf,0.0,9.0
LA Carseldine,5,80,65,11,0,3,123.07692307692308,26.666666666666668,38.0,17.0
LA Pomersbach,16,301,233,25,13,11,129.18454935622316,27.363636363636363,103.0,59.0
LB Williams,1,1,2,0,0,0,50.0,inf,0.0,1.0
LE Plunkett,2,1,3,0,0,1,33.33333333333333,1.0,0.0,1.0
LH Ferguson,7,64,44,5,2,4,145.45454545454547,16.0,0.0,61.0
LMP Simmons,29,1079,835,109,44,27,129.22155688622755,39.96296296296296,542.0,32.0
LPC Silva,3,40,24,5,1,2,166.66666666666669,20.0,9.0,23.0
LR Shukla,32,405,335,33,16,28,120.89552238805969,14.464285714285714,2.0,189.0
LRPL Taylor,45,877,660,59,42,35,132.87878787878788,25.057142857142857,150.0,198.0
LS Livingstone,39,923,559,64,65,32,165.11627906976744,28.84375,159.0,193.0
Lalit Yadav,21,294,277,26,6,15,106.13718411552347,19.6,25.0,75.0
Liton Das,1,4,4,1,0,1,100.0,4.0,4.0,0.0
M Ashwin,12,35,50,2,1,8,70.0,4.375,0.0,28.0
M Jansen,12,66,62,5,2,8,106.4516129032258,8.25,0.0,32.0
M Kaif,21,251,239,21,6,16,105.02092050209204,15.6875,22.0,28.0
M Kartik,9,75,71,5,0,5,105.63380281690141,15.0,0.0,43.0
M Manhas,19,267,229,24,2,10,116.5938864628821,26.7,11.0,117.0
M Markande,10,48,38,5,1,3,126.3157894736842,16.0,0.0,45.0
M Morkel,18,121,87,10,5,10,139.08045977011494,12.1,0.0,111.0
M Muralitharan,8,15,22,1,0,6,68.18181818181817,2.5,0.0,15.0
M Ntini,2,11,18,2,0,1,61.111111111111114,11.0,0.0,11.0
M Prasidh Krishna,7,9,24,0,0,2,37.5,4.5,0.0,9.0
M Rawat,10,50,55,4,1,4,90.9090909090909,12.5,0.0,32.0
M Shahrukh Khan,37,553,385,35,37,24,143.63636363636363,23.041666666666668,23.0,259.0
M Theekshana,2,7,6,0,1,1,116.66666666666667,7.0,0.0,7.0
M Vijay,99,2481,1992,233,88,90,124.54819277108433,27.566666666666666,1470.0,74.0
M Vohra,49,1018,774,94,43,47,131.52454780361757,21.659574468085108,647.0,36.0
M de Lange,1,1,2,0,0,1,50.0,1.0,0.0,1.0
MA Agarwal,119,2611,1930,260,95,113,135.28497409326425,23.106194690265486,1348.0,188.0
MA Khote,3,24,19,2,1,2,126.3157894736842,12.0,0.0,12.0
MA Starc,16,105,104,11,0,8,100.96153846153845,13.125,0.0,62.0
MA Wood,3,12,8,1,1,2,150.0,6.0,0.0,11.0
MC Henriques,53,969,759,82,27,38,127.66798418972331,25.5,157.0,264.0
MC Juneja,7,125,125,11,1,7,100.0,17.857142857142858,20.0,5.0
MD Mishra,11,164,139,18,6,10,117.98561151079137,16.4,107.0,0.0
MD Shanaka,3,26,26,2,1,2,100.0,13.0,0.0,9.0
MDKJ Perera,1,14,11,3,0,1,127.27272727272727,14.0,14.0,0.0
MEK Hussey,53,1861,1456,186,51,47,127.81593406593406,39.59574468085106,777.0,159.0
MF Maharoof,14,177,120,12,9,10,147.5,17.7,0.0,127.0
MG Bracewell,4,58,44,6,1,2,131.8181818181818,29.0,2.0,11.0
MG Johnson,28,166,156,10,7,14,106.41025641025641,11.857142857142858,0.0,148.0
MJ Guptill,13,265,195,24,14,12,135.8974358974359,22.083333333333332,213.0,0.0
MJ Lumb,12,278,185,45,6,10,150.27027027027026,27.8,225.0,0.0
MJ McClenaghan,19,84,67,5,7,11,125.37313432835822,7.636363636363637,0.0,54.0
MJ Santner,11,69,68,4,3,6,101.47058823529412,11.5,20.0,22.0
MJ Suthar,1,1,2,0,0,1,50.0,1.0,0.0,1.0
MK Lomror,35,526,358,33,30,29,146.92737430167597,18.137931034482758,31.0,151.0
MK Pandey,132,3320,2676,283,95,109,124.06576980568012,30.458715596330276,934.0,419.0
MK Tiwary,76,1585,1315,149,37,56,120.53231939163499,28.303571428571427,192.0,466.0
ML Hayden,32,1096,775,119,44,27,141.4193548387097,40.592592592592595,593.0,62.0
MM Ali,57,1160,801,95,67,48,144.81897627965043,24.166666666666668,229.0,201.0
MM Patel,11,38,38,5,0,5,100.0,7.6,0.0,38.0
MM Sharma,27,124,129,9,4,16,96.12403100775194,7.75,0.0,73.0
MN Samuels,4,29,31,1,2,3,93.54838709677419,9.666666666666666,0.0,0.0
MN van Wyk,5,163,127,18,1,3,128.3464566929134,54.333333333333336,28.0,54.0
MP Stoinis,88,1856,1289,148,91,66,143.9875872769589,28.12121212121212,281.0,614.0
MR Marsh,25,475,358,40,25,23,132.68156424581005,20.652173913043477,223.0,44.0
MS Bisla,36,765,646,88,23,34,118.42105263157893,22.5,445.0,40.0
MS Dhoni,221,5056,3608,351,243,145,140.1330376940133,34.86896551724138,59.0,2672.0
MS Gony,14,99,69,6,8,9,143.47826086956522,11.0,0.0,79.0
MS Wade,12,169,149,23,2,11,113.42281879194631,15.363636363636363,111.0,0.0
MV Boucher,22,382,295,32,12,14,129.4915254237288,27.285714285714285,22.0,167.0
MW Short,6,117,90,15,4,6,130.0,19.5,107.0,0.0
Mandeep Singh,91,1543,1224,160,38,79,126.06209150326796,19.531645569620252,580.0,297.0
Mashrafe Mortaza,1,2,2,0,0,0,100.0,inf,0.0,2.0
Mayank Dagar,1,0,1,0,0,0,0.0,0.0,0.0,0.0
Misbah-ul-Haq,8,117,79,10,6,9,148.1012658227848,13.0,27.0,40.0
Mohammad Ashraful,1,2,9,0,0,1,22.22222222222222,2.0,2.0,0.0
Mohammad Asif,2,3,6,0,0,2,50.0,1.5,0.0,0.0
Mohammad Hafeez,8,64,79,7,2,8,81.0126582278481,8.0,28.0,5.0
Mohammad Nabi,19,215,145,18,11,17,148.27586206896552,12.647058823529411,26.0,103.0
Mohammed Shami,21,74,77,6,2,13,96.1038961038961,5.6923076923076925,0.0,58.0
Mohammed Siraj,19,109,114,10,4,9,95.6140350877193,12.11111111111111,0.0,100.0
Mohit Rathee,1,1,2,0,0,0,50.0,inf,0.0,1.0
Mohsin Khan,5,25,24,2,1,2,104.16666666666667,12.5,0.0,24.0
Mujeeb Ur Rahman,5,12,13,2,0,3,92.3076923076923,4.0,0.0,11.0
Mukesh Choudhary,2,6,6,1,0,0,100.0,inf,0.0,2.0
Mukesh Kumar,5,10,18,0,0,1,55.55555555555556,10.0,0.0,9.0
Mustafizur Rahman,6,13,23,0,1,1,56.52173913043478,13.0,0.0,13.0
N Jagadeesan,10,162,146,21,2,9,110.95890410958904,18.0,64.0,9.0
N Pooran,72,1769,1074,113,127,56,164.7113594040968,31.589285714285715,73.0,537.0
N Rana,101,2621,1914,232,131,94,136.9383490073145,27.882978723404257,645.0,273.0
N Saini,10,140,138,16,0,11,101.44927536231884,12.727272727272727,80.0,6.0
N Wadhera,16,350,246,32,18,15,142.27642276422765,23.333333333333332,21.0,59.0
NJ Maddinson,3,20,21,4,0,3,95.23809523809523,6.666666666666667,20.0,0.0
NK Patel,6,121,117,14,1,5,103.41880341880344,24.2,45.0,31.0
NLTC Perera,25,366,245,16,25,19,149.3877551020408,19.263157894736842,5.0,196.0
NM Coulter-Nile,16,82,71,7,4,10,115.49295774647888,8.2,0.0,68.0
NS Naik,4,31,49,2,0,4,63.26530612244898,7.75,7.0,11.0
NT Ellis,5,19,25,0,1,4,76.0,4.75,0.0,18.0
NV Ojha,89,1500,1239,118,75,70,121.06537530266344,21.428571428571427,473.0,296.0
Naman Dhir,7,140,76,12,10,6,184.21052631578948,23.333333333333332,38.0,49.0
Navdeep Saini,6,33,36,3,0,4,91.66666666666666,8.25,0.0,27.0
Naveen-ul-Haq,4,18,21,2,0,2,85.71428571428571,9.0,0.0,16.0
Nithish Kumar Reddy,11,303,211,15,21,9,143.60189573459715,33.666666666666664,37.0,37.0
Noor Ahmad,5,13,18,2,0,4,72.22222222222221,3.25,0.0,11.0
OA Shah,19,475,355,33,21,12,133.80281690140845,39.583333333333336,23.0,182.0
OC McCoy,1,8,5,0,1,0,160.0,inf,0.0,8.0
OF Smith,6,51,44,1,5,3,115.90909090909092,17.0,0.0,46.0
P Awana,5,5,14,0,0,3,35.714285714285715,1.6666666666666667,0.0,5.0
P Chopra,1,8,6,2,0,1,133.33333333333331,8.0,0.0,0.0
P Dogra,12,127,137,4,5,12,92.7007299270073,10.583333333333334,0.0,50.0
P Dubey,2,23,32,2,0,1,71.875,23.0,0.0,7.0
P Kumar,54,331,293,22,17,33,112.96928327645051,10.030303030303031,6.0,262.0
P Negi,34,356,272,26,16,26,130.88235294117646,13.692307692307692,4.0,226.0
P Parameswaran,1,0,1,0,0,0,0.0,0.0,0.0,0.0
P Ray Barman,1,19,24,2,0,1,79.16666666666666,19.0,0.0,0.0
P Sahu,2,19,13,1,1,0,146.15384615384613,inf,0.0,19.0
P Simran Singh,34,750,508,78,40,35,147.63779527559055,21.428571428571427,493.0,43.0
PA Patel,119,2584,2062,331,46,113,125.31522793404461,22.86725663716814,1761.0,62.0
PA Reddy,9,137,130,13,2,9,105.38461538461539,15.222222222222221,91.0,6.0
PBB Rajapaksa,13,276,184,22,15,12,150.0,23.0,77.0,2.0
PC Valthaty,18,452,365,54,18,17,123.83561643835617,26.58823529411765,259.0,27.0
PD Collingwood,7,203,153,9,13,4,132.6797385620915,50.75,26.0,66.0
PD Salt,21,652,360,74,34,20,181.11111111111111,32.6,404.0,24.0
PJ Cummins,39,510,333,33,34,29,153.15315315315314,17.586206896551722,0.0,279.0
PJ Sangwan,14,26,43,1,0,8,60.46511627906976,3.25,0.0,22.0
PK Garg,19,269,235,15,9,18,114.46808510638297,14.944444444444445,51.0,51.0
PM Sarvesh Kumar,1,1,2,0,0,0,50.0,inf,0.0,1.0
PN Mankad,5,97,71,13,2,3,136.61971830985914,32.333333333333336,45.0,14.0
PP Chawla,83,571,482,51,19,55,118.46473029045643,10.381818181818181,15.0,389.0
PP Ojha,17,15,38,0,0,10,39.473684210526315,1.5,0.0,15.0
PP Shaw,79,1890,1267,238,61,77,149.17127071823205,24.545454545454547,1345.0,18.0
PR Shah,8,86,80,8,2,7,107.5,12.285714285714286,30.0,18.0
PSP Handscomb,1,6,12,0,0,1,50.0,6.0,0.0,0.0
PV Tambe,6,18,37,1,0,1,48.64864864864865,18.0,0.0,12.0
PVD Chameera,6,43,27,3,3,3,159.25925925925927,14.333333333333334,0.0,39.0
PWH de Silva,14,72,73,7,1,10,98.63013698630137,7.2,0.0,42.0
Pankaj Singh,5,7,12,0,0,2,58.333333333333336,3.5,0.0,7.0
Parvez Rasool,2,12,11,1,0,1,109.09090909090908,12.0,0.0,12.0
Q de Kock,106,3150,2301,316,122,100,136.89700130378097,31.5,1839.0,115.0
R Ashwin,87,788,655,59,28,58,120.30534351145039,13.586206896551724,58.0,409.0
R Bhatia,41,307,251,21,12,27,122.31075697211156,11.37037037037037,0.0,194.0
R Bishnoi,3,19,17,1,2,3,111.76470588235294,6.333333333333333,18.0,1.0
R Dhawan,22,210,184,18,7,10,114.13043478260869,21.0,0.0,140.0
R Dravid,75,1963,1664,239,26,70,117.96875,28.042857142857144,771.0,160.0
R McLaren,11,108,124,8,0,8,87.09677419354838,13.5,12.0,28.0
R Ninan,1,3,5,0,0,1,60.0,3.0,0.0,3.0
R Parag,58,1173,855,84,60,47,137.19298245614036,24.95744680851064,50.0,373.0
R Powell,22,360,241,21,28,20,149.37759336099586,18.0,0.0,193.0
R Rampaul,6,50,46,3,2,4,108.69565217391303,12.5,0.0,28.0
R Ravindra,10,218,136,21,12,9,160.29411764705884,24.22222222222222,169.0,0.0
R Sai Kishore,1,13,5,0,2,1,260.0,13.0,0.0,13.0
R Sanjay Yadav,1,0,2,0,0,1,0.0,0.0,0.0,0.0
R Sathish,24,269,222,22,6,16,121.17117117117118,16.8125,0.0,143.0
R Sharma,4,29,26,3,1,3,111.53846153846155,9.666666666666666,0.0,25.0
R Shepherd,9,115,60,7,10,5,191.66666666666669,23.0,0.0,90.0
R Shukla,4,19,23,2,0,2,82.6086956521739,9.5,0.0,16.0
R Tewatia,64,1011,728,84,47,43,138.87362637362637,23.511627906976745,6.0,623.0
R Vinay Kumar,34,260,220,17,8,20,118.18181818181819,13.0,0.0,208.0
RA Bawa,2,11,14,1,0,2,78.57142857142857,5.5,0.0,0.0
RA Jadeja,165,2582,1943,190,88,102,132.88728769943387,25.313725490196077,41.0,1313.0
RA Tripathi,93,2213,1571,219,83,81,140.86569064290262,27.320987654320987,959.0,163.0
RD Chahar,22,129,124,13,5,16,104.03225806451613,8.0625,0.0,104.0
RD Gaikwad,65,2372,1716,216,91,56,138.22843822843822,42.357142857142854,1126.0,179.0
RE Levi,5,83,67,10,4,5,123.88059701492537,16.6,62.0,0.0
RE van der Merwe,13,155,132,11,8,10,117.42424242424244,15.5,36.0,43.0
RG More,1,2,2,0,0,0,100.0,inf,0.0,2.0
RG Sharma,245,6459,4864,588,273,227,132.7919407894737,28.45374449339207,2121.0,1101.0
RJ Gleeson,1,2,1,0,0,0,200.0,inf,0.0,2.0
RJ Harris,20,112,106,5,3,11,105.66037735849056,10.181818181818182,0.0,82.0
RJ Peterson,4,19,15,2,1,2,126.66666666666666,9.5,0.0,18.0
RJ Quiney,7,103,97,12,3,7,106.18556701030928,14.714285714285714,65.0,0.0
RJW Topley,1,3,6,0,0,0,50.0,inf,0.0,3.0
RK Bhui,4,10,26,0,0,4,38.46153846153847,2.5,0.0,0.0
RK Singh,40,879,612,67,44,29,143.62745098039215,30.310344827586206,36.0,414.0
RM Patidar,24,798,490,51,54,24,162.85714285714286,33.25,170.0,34.0
RN ten Doeschate,19,253,178,19,13,15,142.13483146067415,16.866666666666667,5.0,170.0
RP Meredith,2,0,3,0,0,1,0.0,0.0,0.0,0.0
RP Singh,24,50,68,2,1,13,73.52941176470588,3.8461538461538463,0.0,48.0
RR Bhatkal,1,0,2,0,0,2,0.0,0.0,0.0,0.0
RR Pant,110,3281,2175,297,153,96,150.85057471264366,34.177083333333336,389.0,615.0
RR Powar,6,56,50,6,1,1,112.00000000000001,56.0,0.0,53.0
RR Raje,5,20,18,1,1,1,111.11111111111111,20.0,0.0,20.0
RR Rossouw,22,471,304,45,25,21,154.9342105263158,22.428571428571427,139.0,56.0
RR Sarwan,4,73,74,6,1,3,98.64864864864865,24.333333333333332,45.0,0.0
RS Bopara,22,531,446,39,16,19,119.05829596412556,27.94736842105263,130.0,126.0
RS Gavaskar,1,2,8,0,0,1,25.0,2.0,0.0,0.0
RS Sodhi,1,4,2,1,0,0,200.0,inf,0.0,4.0
RT Ponting,8,77,106,3,2,7,72.64150943396226,11.0,33.0,0.0
RV Patel,7,80,72,6,2,5,111.11111111111111,16.0,0.0,49.0
RV Uthappa,152,3845,2807,374,150,142,136.978981118632,27.077464788732396,1576.0,314.0
Rahmanullah Gurbaz,13,283,208,24,18,13,136.05769230769232,21.76923076923077,183.0,0.0
Ramandeep Singh,13,164,97,8,12,6,169.0721649484536,27.333333333333332,2.0,87.0
Rashid Khan,57,536,323,37,38,37,165.94427244582045,14.486486486486486,0.0,441.0
Rasikh Salam,6,40,39,5,0,5,102.56410256410255,8.0,0.0,27.0
Ravi Bishnoi,14,32,49,2,0,7,65.3061224489796,4.571428571428571,0.0,17.0
S Anirudha,10,129,100,9,7,6,129.0,21.5,26.0,58.0
S Aravind,10,59,54,7,0,3,109.25925925925925,19.666666666666668,0.0,46.0
S Badree,5,13,23,0,0,5,56.52173913043478,2.6,0.0,3.0
S Badrinath,58,1207,1000,133,24,43,120.7,28.069767441860463,155.0,306.0
S Chanderpaul,3,25,31,4,0,3,80.64516129032258,8.333333333333334,25.0,0.0
S Dhawan,216,6651,5133,755,149,189,129.57334891876096,35.19047619047619,3321.0,493.0
S Dube,61,1499,1006,86,101,50,149.00596421471172,29.98,30.0,372.0
S Gopal,22,180,167,19,2,13,107.78443113772455,13.846153846153847,0.0,119.0
S Kaul,9,20,36,1,0,3,55.55555555555556,6.666666666666667,0.0,18.0
S Kaushik,1,0,1,0,0,1,0.0,0.0,0.0,0.0
S Ladda,2,0,9,0,0,2,0.0,0.0,0.0,0.0
S Lamichhane,1,0,1,0,0,1,0.0,0.0,0.0,0.0
S Nadeem,19,33,80,1,0,15,41.25,2.2,0.0,17.0
S Narwal,4,37,27,6,0,4,137.03703703703704,9.25,0.0,19.0
S Rana,7,71,63,7,1,4,112.6984126984127,17.75,20.0,44.0
S Randiv,1,2,4,0,0,1,50.0,2.0,0.0,2.0
S Sohal,17,333,250,32,16,15,133.20000000000002,22.2,250.0,4.0
S Sreesanth,9,33,42,6,0,2,78.57142857142857,16.5,0.0,33.0
S Sriram,2,31,35,3,0,2,88.57142857142857,15.5,13.0,0.0
S Tyagi,1,3,4,0,0,0,75.0,inf,0.0,3.0
S Vidyut,8,145,108,21,3,8,134.25925925925927,18.125,103.0,0.0
SA Abbott,3,22,17,1,2,2,129.41176470588235,11.0,0.0,20.0
SA Asnodkar,19,423,327,56,10,19,129.3577981651376,22.263157894736842,278.0,0.0
SA Yadav,133,3575,2424,383,129,110,147.48349834983497,32.5,859.0,510.0
SB Bangar,7,49,55,1,3,6,89.0909090909091,8.166666666666666,0.0,29.0
SB Dubey,3,33,19,3,2,2,173.6842105263158,16.5,0.0,10.0
SB Jakati,5,28,29,3,0,2,96.55172413793103,14.0,0.0,28.0
SB Joshi,2,6,14,0,0,2,42.857142857142854,3.0,0.0,0.0
SB Styris,10,131,129,10,3,7,101.55038759689923,18.714285714285715,8.0,21.0
SC Ganguly,38,1025,909,104,35,38,112.76127612761275,26.973684210526315,398.0,98.0
SD Chitnis,7,84,78,9,1,6,107.6923076923077,14.0,1.0,24.0
SD Hope,9,183,122,12,12,8,150.0,22.875,78.0,7.0
SD Lad,1,15,13,1,1,1,115.38461538461537,15.0,15.0,0.0
SE Bond,1,1,2,0,0,1,50.0,1.0,0.0,0.0
SE Marsh,65,2334,1706,252,73,61,136.81125439624853,38.26229508196721,729.0,162.0
SE Rutherford,9,106,100,3,8,7,106.0,15.142857142857142,4.0,49.0
SH Johnson,3,6,6,1,0,0,100.0,inf,0.0,6.0
SJ Srivastava,3,4,4,0,0,1,100.0,4.0,0.0,4.0
SK Raina,192,5318,3807,489,197,161,139.69004465458366,33.03105590062112,1507.0,614.0
SK Trivedi,14,42,58,3,1,8,72.41379310344827,5.25,0.0,40.0
SK Warne,26,195,199,14,6,18,97.98994974874373,10.833333333333334,0.0,115.0
SL Malinga,18,69,80,4,4,11,86.25,6.2727272727272725,0.0,61.0
SM Curran,48,874,637,72,37,36,137.20565149136578,24.27777777777778,123.0,332.0
SM Harwood,2,8,10,0,0,0,80.0,inf,0.0,8.0
SM Katich,11,240,178,26,8,10,134.8314606741573,24.0,145.0,17.0
SM Pollock,8,147,109,12,8,8,134.8623853211009,18.375,1.0,72.0
SMSM Senanayake,2,8,15,0,0,1,53.333333333333336,8.0,0.0,7.0
SN Khan,36,578,438,62,14,28,131.96347031963472,20.642857142857142,89.0,234.0
SN Thakur,34,306,218,27,13,23,140.36697247706422,13.304347826086957,0.0,169.0
SO Hetmyer,65,1241,792,76,82,40,156.69191919191917,31.025,60.0,680.0
SP Fleming,10,192,158,26,3,9,121.51898734177216,21.333333333333332,116.0,0.0
SP Goswami,20,286,288,31,3,19,99.30555555555556,15.052631578947368,156.0,11.0
SP Jackson,8,61,57,5,1,6,107.01754385964912,10.166666666666666,10.0,19.0
SP Narine,103,1532,887,164,97,84,172.71702367531003,18.238095238095237,944.0,93.0
SPD Smith,72,1952,1518,184,41,63,128.59025032938075,30.984126984126984,481.0,334.0
SR Tendulkar,72,2079,1698,263,25,65,122.43816254416961,31.984615384615385,1013.0,104.0
SR Watson,135,3631,2613,353,176,120,138.95905089934942,30.258333333333333,1353.0,286.0
SS Cottrell,1,0,2,0,0,1,0.0,0.0,0.0,0.0
SS Iyer,114,3123,2420,271,113,102,129.0495867768595,30.61764705882353,874.0,363.0
SS Prabhudessai,10,126,102,11,4,9,123.52941176470588,14.0,8.0,23.0
SS Shaikh,1,6,7,1,0,0,85.71428571428571,inf,0.0,0.0
SS Tiwary,67,1324,1090,102,44,44,121.46788990825688,30.09090909090909,155.0,307.0
ST Jayasuriya,30,760,514,84,38,29,147.85992217898834,26.20689655172414,507.0,0.0
STR Binny,63,840,648,64,33,42,129.62962962962962,20.0,18.0,297.0
SV Samson,161,4402,3122,350,206,140,140.9993593850096,31.442857142857143,1220.0,537.0
SW Billings,27,497,375,40,19,26,132.53333333333333,19.115384615384617,125.0,76.0
SW Tait,4,13,17,0,1,3,76.47058823529412,4.333333333333333,0.0,3.0
SZ Mulani,1,1,1,0,0,0,100.0,inf,0.0,1.0
Sachin Baby,11,142,114,11,5,10,124.56140350877195,14.2,0.0,84.0
Salman Butt,7,192,155,30,2,7,123.87096774193549,27.428571428571427,103.0,4.0
Sameer Rizvi,5,51,43,4,2,4,118.6046511627907,12.75,0.0,29.0
Sandeep Sharma,24,53,67,4,0,5,79.1044776119403,10.6,0.0,41.0
Sanvir Singh,5,25,20,2,1,2,125.0,12.5,7.0,18.0
Saurav Chauhan,3,18,15,1,1,3,120.0,6.0,0.0,16.0
Shahbaz Ahmed,37,535,427,28,25,29,125.29274004683842,18.448275862068964,21.0,208.0
Shahid Afridi,9,81,45,7,6,8,180.0,10.125,43.0,22.0
Shakib Al Hasan,50,744,591,69,19,37,125.88832487309645,20.10810810810811,37.0,262.0
Shashank Singh,19,423,255,33,25,11,165.8823529411765,38.45454545454545,34.0,158.0
Shivam Mavi,11,51,55,4,2,9,92.72727272727272,5.666666666666667,0.0,48.0
Shivam Sharma,2,5,3,1,0,1,166.66666666666669,5.0,0.0,5.0
Shivam Singh,1,2,3,0,0,0,66.66666666666666,inf,0.0,2.0
Shoaib Ahmed,3,1,6,0,0,2,16.666666666666664,0.5,0.0,0.0
Shoaib Akhtar,1,2,7,0,0,1,28.57142857142857,2.0,0.0,0.0
Shoaib Malik,5,51,45,5,0,4,113.33333333333333,12.75,17.0,2.0
Shubman Gill,99,3205,2344,308,95,85,136.7320819112628,37.705882352941174,1423.0,267.0
Sikandar Raza,9,182,134,12,8,7,135.82089552238804,26.0,8.0,34.0
Simarjeet Singh,3,7,8,0,0,1,87.5,7.0,0.0,5.0
Sohail Tanvir,5,35,28,3,1,3,125.0,11.666666666666666,13.0,11.0
Sumit Kumar,3,18,21,2,1,2,85.71428571428571,9.0,0.0,2.0
Sunny Gupta,1,0,1,0,0,1,0.0,0.0,0.0,0.0
Sunny Singh,4,31,24,3,1,3,129.16666666666669,10.333333333333334,3.0,7.0
Swapnil Singh,9,51,44,3,3,5,115.90909090909092,10.2,0.0,26.0
T Banton,2,18,20,1,1,2,90.0,9.0,18.0,0.0
T Henderson,2,11,15,0,1,1,73.33333333333333,11.0,2.0,0.0
T Kohler-Cadmore,3,48,53,7,1,3,90.56603773584906,16.0,47.0,0.0
T Kohli,3,11,19,0,1,3,57.89473684210527,3.6666666666666665,7.0,4.0
T Natarajan,2,3,5,0,0,0,60.0,inf,0.0,3.0
T Shamsi,1,2,4,0,0,0,50.0,inf,0.0,2.0
T Stubbs,17,399,228,26,25,9,175.0,44.333333333333336,10.0,227.0
T Taibu,3,31,26,3,0,3,119.23076923076923,10.333333333333334,0.0,9.0
T Thushara,4,12,18,0,0,2,66.66666666666666,6.0,0.0,12.0
TA Boult,21,83,78,5,3,7,106.41025641025641,11.857142857142858,0.0,67.0
TG Southee,19,120,106,8,4,11,113.20754716981132,10.909090909090908,0.0,104.0
TH David,35,652,379,38,45,23,172.0316622691293,28.347826086956523,0.0,445.0
TK Curran,10,127,105,10,3,5,120.95238095238095,25.4,0.0,58.0
TL Seifert,3,26,22,4,0,3,118.18181818181819,8.666666666666666,24.0,2.0
TL Suman,33,588,488,44,23,24,120.49180327868851,24.5,146.0,96.0
TM Dilshan,44,981,835,116,22,37,117.48502994011976,26.513513513513512,417.0,151.0
TM Head,25,767,436,75,40,20,175.91743119266056,38.35,408.0,93.0
TM Srivastava,3,8,11,0,0,1,72.72727272727273,8.0,0.0,4.0
TR Birt,3,28,29,2,1,3,96.55172413793103,9.333333333333334,0.0,12.0
TS Mills,5,8,13,0,1,4,61.53846153846154,2.0,0.0,6.0
TU Deshpande,3,21,13,2,1,1,161.53846153846155,21.0,0.0,21.0
Tanush Kotian,1,24,31,3,0,1,77.41935483870968,24.0,18.0,0.0
Tilak Varma,38,1154,774,90,58,27,149.09560723514213,42.74074074074074,109.0,191.0
U Kaul,1,0,1,0,0,0,0.0,0.0,0.0,0.0
UBT Chand,19,283,273,30,9,19,103.66300366300368,14.894736842105264,116.0,7.0
UT Khawaja,6,127,98,14,3,5,129.59183673469389,25.4,107.0,0.0
UT Yadav,45,200,189,16,9,20,105.82010582010581,10.0,0.0,176.0
Umar Gul,4,39,17,1,5,3,229.41176470588235,13.0,0.0,21.0
Umran Malik,4,17,14,1,1,1,121.42857142857142,17.0,0.0,17.0
V Kohli,237,7817,5844,691,267,212,133.76112251882273,36.87264150943396,2777.0,1069.0
V Pratap Singh,1,0,1,0,0,1,0.0,0.0,0.0,0.0
V Sehwag,97,2398,1500,298,90,91,159.86666666666667,26.35164835164835,1466.0,23.0
V Shankar,58,1110,841,79,45,43,131.98573127229488,25.813953488372093,104.0,390.0
V Viyaskanth,1,7,5,0,0,0,140.0,inf,0.0,7.0
VG Arora,7,9,16,0,0,2,56.25,4.5,0.0,9.0
VH Zol,2,29,26,3,1,2,111.53846153846155,14.5,22.0,0.0
VR Aaron,12,49,71,2,2,4,69.01408450704226,12.25,0.0,48.0
VR Iyer,49,1320,949,121,60,43,139.09378292939937,30.697674418604652,592.0,65.0
VRV Singh,2,4,2,1,0,1,200.0,4.0,0.0,4.0
VS Malik,2,7,6,1,0,1,116.66666666666667,7.0,0.0,7.0
VS Yeligati,1,2,2,0,0,1,100.0,2.0,0.0,2.0
VVS Laxman,17,238,222,30,3,14,107.2072072072072,17.0,156.0,2.0
VY Mahesh,4,15,26,0,0,2,57.692307692307686,7.5,0.0,12.0
Vijaykumar Vyshak,4,14,12,0,1,2,116.66666666666667,7.0,0.0,14.0
Virat Singh,2,15,25,1,0,3,60.0,5.0,0.0,0.0
Vishnu Vinod,6,55,55,3,3,6,100.0,9.166666666666666,10.0,8.0
Vivrant Sharma,1,69,45,9,2,1,153.33333333333334,69.0,27.0,0.0
W Jaffer,8,130,120,14,3,7,108.33333333333333,18.571428571428573,77.0,0.0
WA Mota,8,56,73,2,0,5,76.71232876712328,11.2,0.0,13.0
WD Parnell,2,4,7,0,0,2,57.14285714285714,2.0,0.0,4.0
WG Jacks,8,224,127,16,17,6,176.3779527559055,37.333333333333336,73.0,0.0
WP Saha,141,2870,2197,293,83,117,130.63268092853892,24.52991452991453,1372.0,421.0
WPUJC Vaas,11,75,70,2,2,7,107.14285714285714,10.714285714285714,0.0,49.0
Washington Sundar,36,377,317,32,9,27,118.92744479495268,13.962962962962964,16.0,212.0
X Thalaivan Sargunam,1,10,17,0,0,1,58.82352941176471,10.0,0.0,0.0
Y Nagar,17,221,180,15,9,12,122.77777777777779,18.416666666666668,2.0,129.0
Y Prithvi Raj,1,0,1,0,0,0,0.0,0.0,0.0,0.0
Y Venugopal Rao,48,908,746,70,34,39,121.71581769436996,23.28205128205128,75.0,289.0
YBK Jaiswal,52,1595,1045,198,63,49,152.63157894736844,32.55102040816327,997.0,48.0
YK Pathan,146,3056,2082,248,156,104,146.7819404418828,29.384615384615383,357.0,810.0
YS Chahal,16,37,84,0,0,6,44.047619047619044,6.166666666666667,0.0,32.0
YV Dhull,3,16,23,1,0,3,69.56521739130434,5.333333333333333,2.0,0.0
YV Takawale,10,191,171,26,3,8,111.69590643274854,23.875,121.0,28.0
Yash Dayal,1,0,1,0,0,1,0.0,0.0,0.0,0.0
Yashpal Singh,4,47,65,5,0,4,72.3076923076923,11.75,17.0,11.0
Younis Khan,1,3,7,0,0,1,42.857142857142854,3.0,3.0,0.0
Yudhvir Singh,4,22,16,1,2,4,137.5,5.5,0.0,1.0
Yuvraj Singh,100,2161,1642,178,116,88,131.60779537149818,24.556818181818183,158.0,448.0
Z Khan,27,116,137,11,2,15,84.67153284671532,7.733333333333333,0.0,100.0
