bowler,matches,total_wickets,total_runs_conceded,balls_bowled,economy_rate,bowling_average,strike_rate,powerplay_wickets,death_overs_wickets,fantasy_points
A Ashish Reddy,11,15,0,15,0.0,0.0,1.0,0.0,6.0,404
A Badoni,2,2,0,2,0.0,0.0,1.0,0.0,0.0,60
A Chandila,5,7,0,7,0.0,0.0,1.0,6.0,0.0,202
A Choudhary,4,5,0,5,0.0,0.0,1.0,3.0,1.0,150
A Flintoff,2,2,0,2,0.0,0.0,1.0,0.0,1.0,60
A Kamboj,2,2,0,2,0.0,0.0,1.0,1.0,0.0,60
A Kumble,27,49,1,49,0.1224489795918367,0.0204081632653061,1.0,3.0,15.0,1266
A Mishra,102,172,3,172,0.1046511627906976,0.0174418604651162,1.0,6.0,26.0,4381
A Mithun,5,6,0,6,0.0,0.0,1.0,1.0,3.0,177
A Nehra,59,109,5,109,0.2752293577981651,0.0458715596330275,1.0,44.0,49.0,2786
A Nel,1,1,0,1,0.0,0.0,1.0,1.0,0.0,35
A Nortje,35,62,1,62,0.0967741935483871,0.0161290322580645,1.0,22.0,23.0,1595
A Singh,16,30,1,30,0.2,0.0333333333333333,1.0,13.0,16.0,785
A Symonds,16,23,1,23,0.2608695652173913,0.0434782608695652,1.0,5.0,6.0,606
A Uniyal,1,3,0,3,0.0,0.0,1.0,1.0,2.0,90
A Zampa,16,30,0,30,0.0,0.0,1.0,3.0,7.0,785
AA Chavan,6,8,0,8,0.0,0.0,1.0,3.0,1.0,227
AA Jhunjhunwala,1,1,0,1,0.0,0.0,1.0,0.0,0.0,35
AA Kazi,1,1,0,1,0.0,0.0,1.0,0.0,0.0,35
AA Noffke,1,1,0,1,0.0,0.0,1.0,0.0,1.0,35
AB Agarkar,20,31,2,31,0.3870967741935484,0.064516129032258,1.0,6.0,8.0,810
AB Dinda,33,52,2,52,0.2307692307692307,0.0384615384615384,1.0,26.0,17.0,1341
AB McDonald,7,14,2,14,0.8571428571428571,0.1428571428571428,1.0,3.0,4.0,379
AC Gilchrist,1,1,0,1,0.0,0.0,1.0,0.0,1.0,35
AC Voges,1,1,0,1,0.0,0.0,1.0,0.0,0.0,35
AD Mascarenhas,7,13,0,13,0.0,0.0,1.0,9.0,0.0,354
AD Mathews,11,15,0,15,0.0,0.0,1.0,5.0,4.0,404
AD Russell,69,125,6,125,0.288,0.048,1.0,22.0,53.0,3190
AF Milne,5,9,2,9,1.3333333333333333,0.2222222222222222,1.0,3.0,4.0,252
AG Murtaza,3,7,1,7,0.8571428571428571,0.1428571428571428,1.0,2.0,0.0,202
AJ Hosein,1,1,0,1,0.0,0.0,1.0,0.0,0.0,35
AJ Tye,20,48,2,48,0.25,0.0416666666666666,1.0,13.0,24.0,1241
AK Markram,2,2,0,2,0.0,0.0,1.0,0.0,0.0,60
AL Menaria,2,3,0,3,0.0,0.0,1.0,1.0,0.0,90
AM Nayar,4,6,0,6,0.0,0.0,1.0,0.0,1.0,177
AM Rahane,1,1,0,1,0.0,0.0,1.0,0.0,0.0,35
AM Salvi,5,7,0,7,0.0,0.0,1.0,1.0,2.0,202
AN Ahmed,9,11,0,11,0.0,0.0,1.0,1.0,6.0,302
AP Dole,3,5,0,5,0.0,0.0,1.0,2.0,1.0,150
AR Patel,91,131,1,131,0.0458015267175572,0.0076335877862595,1.0,18.0,16.0,3342
AS Joseph,12,22,0,22,0.0,0.0,1.0,2.0,9.0,581
AS Rajpoot,15,24,0,24,0.0,0.0,1.0,9.0,8.0,633
AS Roy,5,6,0,6,0.0,0.0,1.0,1.0,0.0,177
AU Rashid,1,2,0,2,0.0,0.0,1.0,0.0,0.0,60
Abdul Samad,2,2,0,2,0.0,0.0,1.0,0.0,0.0,60
Abhishek Sharma,8,11,0,11,0.0,0.0,1.0,0.0,0.0,302
Akash Deep,5,8,0,8,0.0,0.0,1.0,3.0,1.0,227
Akash Madhwal,8,22,1,22,0.2727272727272727,0.0454545454545454,1.0,5.0,8.0,581
Akash Singh,4,5,0,5,0.0,0.0,1.0,3.0,1.0,150
Anand Rajan,7,10,1,10,0.6000000000000001,0.1,1.0,0.0,5.0,277
Ankit Sharma,8,10,0,10,0.0,0.0,1.0,4.0,0.0,277
Ankit Soni,2,4,0,4,0.0,0.0,1.0,1.0,0.0,115
Anureet Singh,13,21,2,21,0.5714285714285714,0.0952380952380952,1.0,7.0,10.0,556
Arjun Tendulkar,3,4,1,4,1.5,0.25,1.0,1.0,2.0,115
Arshad Khan,4,6,0,6,0.0,0.0,1.0,2.0,2.0,177
Arshdeep Singh,49,84,3,84,0.2142857142857142,0.0357142857142857,1.0,29.0,41.0,2153
Avesh Khan,44,81,6,81,0.4444444444444444,0.074074074074074,1.0,21.0,33.0,2076
Azhar Mahmood,12,26,1,26,0.2307692307692307,0.0384615384615384,1.0,5.0,13.0,683
Azmatullah Omarzai,3,4,0,4,0.0,0.0,1.0,3.0,0.0,115
B Akhil,5,7,1,7,0.8571428571428571,0.1428571428571428,1.0,0.0,1.0,202
B Geeves,2,2,0,2,0.0,0.0,1.0,1.0,0.0,60
B Kumar,99,170,3,170,0.1058823529411764,0.0176470588235294,1.0,65.0,87.0,4331
B Laughlin,6,10,0,10,0.0,0.0,1.0,3.0,3.0,277
B Lee,22,29,1,29,0.2068965517241379,0.0344827586206896,1.0,12.0,12.0,758
B Stanlake,4,7,0,7,0.0,0.0,1.0,2.0,0.0,202
BA Bhatt,6,12,0,12,0.0,0.0,1.0,3.0,2.0,329
BA Stokes,19,31,0,31,0.0,0.0,1.0,9.0,12.0,810
BAW Mendis,5,7,0,7,0.0,0.0,1.0,0.0,1.0,202
BB Sran,15,20,0,20,0.0,0.0,1.0,6.0,7.0,531
BCJ Cutting,9,12,0,12,0.0,0.0,1.0,0.0,2.0,329
BE Hendricks,6,11,0,11,0.0,0.0,1.0,1.0,7.0,302
BJ Hodge,8,10,0,10,0.0,0.0,1.0,0.0,0.0,277
BMAJ Mendis,1,1,0,1,0.0,0.0,1.0,0.0,0.0,35
BW Hilfenhaus,16,23,0,23,0.0,0.0,1.0,13.0,6.0,606
Basil Thampi,15,26,2,26,0.4615384615384615,0.0769230769230769,1.0,2.0,16.0,683
Bipul Sharma,15,20,2,20,0.6000000000000001,0.1,1.0,5.0,0.0,531
C Green,14,20,2,20,0.6000000000000001,0.1,1.0,3.0,2.0,531
C Nanda,2,2,0,2,0.0,0.0,1.0,0.0,0.0,60
C Sakariya,13,20,0,20,0.0,0.0,1.0,6.0,8.0,531
C de Grandhomme,5,7,1,7,0.8571428571428571,0.1428571428571428,1.0,0.0,0.0,202
CH Gayle,9,13,0,13,0.0,0.0,1.0,3.0,4.0,354
CH Morris,55,103,6,103,0.3495145631067961,0.058252427184466,1.0,24.0,59.0,2634
CJ Anderson,11,14,2,14,0.8571428571428571,0.1428571428571428,1.0,2.0,6.0,379
CJ Jordan,21,36,5,36,0.8333333333333334,0.1388888888888889,1.0,6.0,16.0,937
CJ McKay,1,1,0,1,0.0,0.0,1.0,0.0,0.0,35
CK Langeveldt,7,13,0,13,0.0,0.0,1.0,6.0,4.0,354
CL White,1,1,0,1,0.0,0.0,1.0,0.0,0.0,35
CR Brathwaite,10,16,1,16,0.375,0.0625,1.0,1.0,6.0,429
CR Woakes,17,31,0,31,0.0,0.0,1.0,6.0,15.0,810
CRD Fernando,9,19,0,19,0.0,0.0,1.0,7.0,7.0,506
CV Varun,50,85,2,85,0.1411764705882353,0.0235294117647058,1.0,13.0,8.0,2178
D Brevis,1,1,0,1,0.0,0.0,1.0,0.0,1.0,35
D Jansen,1,1,0,1,0.0,0.0,1.0,0.0,1.0,35
D Kalyankrishna,2,2,0,2,0.0,0.0,1.0,0.0,0.0,60
D Pretorius,4,7,0,7,0.0,0.0,1.0,0.0,2.0,202
D Salunkhe,1,1,0,1,0.0,0.0,1.0,0.0,0.0,35
D Wiese,9,17,0,17,0.0,0.0,1.0,6.0,8.0,454
D du Preez,2,4,0,4,0.0,0.0,1.0,3.0,0.0,115
DAJ Bracewell,1,3,0,3,0.0,0.0,1.0,0.0,2.0,90
DB Ravi Teja,1,1,0,1,0.0,0.0,1.0,0.0,0.0,35
DE Bollinger,16,33,2,33,0.3636363636363636,0.0606060606060606,1.0,9.0,20.0,860
DG Nalkande,4,6,0,6,0.0,0.0,1.0,0.0,1.0,177
DJ Bravo,114,201,10,201,0.2985074626865672,0.0497512437810945,1.0,13.0,111.0,5116
DJ Hooda,9,10,1,10,0.6000000000000001,0.1,1.0,2.0,1.0,277
DJ Hussey,7,10,0,10,0.0,0.0,1.0,0.0,2.0,277
DJ Mitchell,1,1,0,1,0.0,0.0,1.0,0.0,0.0,35
DJ Muthuswami,3,4,0,4,0.0,0.0,1.0,3.0,1.0,115
DJ Thornely,2,3,0,3,0.0,0.0,1.0,0.0,0.0,90
DJ Willey,5,7,0,7,0.0,0.0,1.0,3.0,2.0,202
DJG Sammy,6,14,2,14,0.8571428571428571,0.1428571428571428,1.0,1.0,4.0,379
DJM Short,1,1,0,1,0.0,0.0,1.0,0.0,0.0,35
DL Chahar,47,79,0,79,0.0,0.0,1.0,60.0,12.0,2026
DL Vettori,18,29,2,29,0.4137931034482758,0.0689655172413793,1.0,1.0,6.0,758
DNT Zoysa,2,2,0,2,0.0,0.0,1.0,0.0,1.0,60
DP Nannes,21,37,3,37,0.4864864864864865,0.081081081081081,1.0,17.0,19.0,962
DP Vijaykumar,4,4,0,4,0.0,0.0,1.0,3.0,1.0,115
DR Sams,10,15,1,15,0.4,0.0666666666666666,1.0,8.0,2.0,404
DR Smith,18,27,0,27,0.0,0.0,1.0,5.0,4.0,708
DS Kulkarni,56,91,2,91,0.1318681318681318,0.0219780219780219,1.0,46.0,20.0,2330
DT Christian,26,36,1,36,0.1666666666666666,0.0277777777777777,1.0,7.0,9.0,937
DW Steyn,55,97,1,97,0.0618556701030927,0.0103092783505154,1.0,34.0,42.0,2482
FA Allen,2,2,0,2,0.0,0.0,1.0,1.0,0.0,60
FH Edwards,4,6,0,6,0.0,0.0,1.0,4.0,2.0,177
FY Fazal,1,1,1,1,6.0,1.0,1.0,0.0,0.0,25
Fazalhaq Farooqi,4,6,0,6,0.0,0.0,1.0,3.0,1.0,177
G Coetzee,7,13,0,13,0.0,0.0,1.0,3.0,6.0,354
GB Hogg,15,25,0,25,0.0,0.0,1.0,5.0,6.0,658
GC Viljoen,5,8,0,8,0.0,0.0,1.0,3.0,1.0,227
GD McGrath,9,14,0,14,0.0,0.0,1.0,9.0,2.0,379
GD Phillips,2,2,0,2,0.0,0.0,1.0,1.0,0.0,60
GH Vihari,1,1,0,1,0.0,0.0,1.0,1.0,0.0,35
GHS Garton,3,3,0,3,0.0,0.0,1.0,1.0,1.0,90
GJ Maxwell,31,41,1,41,0.1463414634146341,0.024390243902439,1.0,10.0,3.0,1062
GR Napier,1,1,0,1,0.0,0.0,1.0,0.0,0.0,35
GS Sandhu,1,1,0,1,0.0,0.0,1.0,0.0,1.0,35
Gagandeep Singh,3,3,0,3,0.0,0.0,1.0,0.0,1.0,90
Gurkeerat Singh,3,5,0,5,0.0,0.0,1.0,0.0,0.0,150
HF Gurney,5,7,0,7,0.0,0.0,1.0,2.0,3.0,202
HH Pandya,45,70,4,70,0.3428571428571428,0.0571428571428571,1.0,13.0,22.0,1797
HR Shokeen,3,5,0,5,0.0,0.0,1.0,2.0,0.0,150
HV Patel,80,149,6,149,0.2416107382550335,0.0402684563758389,1.0,12.0,74.0,3798
Harbhajan Singh,90,154,7,154,0.2727272727272727,0.0454545454545454,1.0,29.0,20.0,3925
Harmeet Singh,15,25,2,25,0.48,0.08,1.0,6.0,6.0,658
Harpreet Brar,15,25,0,25,0.0,0.0,1.0,0.0,3.0,658
Harshit Rana,15,27,1,27,0.2222222222222222,0.037037037037037,1.0,10.0,6.0,708
I Sharma,60,90,1,90,0.0666666666666666,0.0111111111111111,1.0,55.0,19.0,2305
I Udana,6,8,0,8,0.0,0.0,1.0,2.0,2.0,227
IC Pandey,14,18,0,18,0.0,0.0,1.0,11.0,1.0,481
IC Porel,1,1,0,1,0.0,0.0,1.0,0.0,0.0,35
IK Pathan,59,93,10,93,0.6451612903225806,0.1075268817204301,1.0,29.0,39.0,2380
IS Sodhi,7,9,0,9,0.0,0.0,1.0,2.0,0.0,252
Imran Tahir,44,86,2,86,0.1395348837209302,0.0232558139534883,1.0,3.0,23.0,2203
Iqbal Abdulla,23,40,0,40,0.0,0.0,1.0,13.0,4.0,1037
J Botha,16,22,0,22,0.0,0.0,1.0,2.0,7.0,581
J Little,7,13,1,13,0.4615384615384615,0.0769230769230769,1.0,3.0,2.0,354
J Suchith,16,20,0,20,0.0,0.0,1.0,3.0,1.0,531
J Syed Mohammad,6,9,1,9,0.6666666666666666,0.1111111111111111,1.0,1.0,0.0,252
J Theron,7,11,0,11,0.0,0.0,1.0,2.0,4.0,302
J Yadav,8,9,0,9,0.0,0.0,1.0,4.0,0.0,252
JA Morkel,56,91,4,91,0.2637362637362637,0.0439560439560439,1.0,33.0,35.0,2330
JA Richardson,2,3,0,3,0.0,0.0,1.0,0.0,1.0,90
JC Archer,29,49,0,49,0.0,0.0,1.0,17.0,20.0,1266
JD Ryder,3,5,0,5,0.0,0.0,1.0,0.0,0.0,150
JD Unadkat,60,105,5,105,0.2857142857142857,0.0476190476190476,1.0,21.0,50.0,2684
JDP Oram,6,12,2,12,1.0,0.1666666666666666,1.0,3.0,8.0,329
JDS Neesham,5,8,0,8,0.0,0.0,1.0,1.0,0.0,227
JEC Franklin,6,8,0,8,0.0,0.0,1.0,1.0,1.0,227
JH Kallis,43,68,2,68,0.1764705882352941,0.0294117647058823,1.0,19.0,22.0,1747
JJ Bumrah,90,182,4,182,0.1318681318681318,0.0219780219780219,1.0,39.0,89.0,4635
JJ van der Wath,2,3,0,3,0.0,0.0,1.0,0.0,2.0,90
JL Pattinson,6,11,0,11,0.0,0.0,1.0,4.0,3.0,302
JM Kemp,1,3,0,3,0.0,0.0,1.0,0.0,0.0,90
JO Holder,29,59,2,59,0.2033898305084746,0.0338983050847457,1.0,12.0,24.0,1518
JP Behrendorff,12,22,1,22,0.2727272727272727,0.0454545454545454,1.0,11.0,8.0,581
JP Duminy,16,22,0,22,0.0,0.0,1.0,3.0,3.0,581
JP Faulkner,36,70,9,70,0.7714285714285714,0.1285714285714285,1.0,17.0,35.0,1797
JPR Scantlebury-Searles,2,2,0,2,0.0,0.0,1.0,0.0,0.0,60
JR Hazlewood,18,36,0,36,0.0,0.0,1.0,14.0,14.0,937
JR Hopes,11,13,0,13,0.0,0.0,1.0,1.0,4.0,354
JW Hastings,2,3,0,3,0.0,0.0,1.0,1.0,1.0,90
Jaskaran Singh,4,6,0,6,0.0,0.0,1.0,2.0,3.0,177
Joginder Sharma,10,13,0,13,0.0,0.0,1.0,0.0,3.0,354
K Gowtham,17,22,1,22,0.2727272727272727,0.0454545454545454,1.0,11.0,0.0,581
K Kartikeya,7,10,0,10,0.0,0.0,1.0,1.0,0.0,277
K Khejroliya,3,5,0,5,0.0,0.0,1.0,0.0,3.0,150
K Rabada,64,126,2,126,0.0952380952380952,0.0158730158730158,1.0,35.0,55.0,3217
K Santokie,2,3,0,3,0.0,0.0,1.0,1.0,1.0,90
K Yadav,2,2,0,2,0.0,0.0,1.0,0.0,2.0,60
KA Jamieson,6,9,0,9,0.0,0.0,1.0,4.0,2.0,252
KA Maharaj,1,2,0,2,0.0,0.0,1.0,0.0,0.0,60
KA Pollard,53,76,4,76,0.3157894736842105,0.0526315789473684,1.0,1.0,21.0,1949
KC Cariappa,6,8,0,8,0.0,0.0,1.0,0.0,0.0,227
KH Pandya,48,80,2,80,0.15,0.025,1.0,16.0,12.0,2051
KJ Abbott,2,2,0,2,0.0,0.0,1.0,0.0,0.0,60
KK Ahmed,44,78,1,78,0.0769230769230769,0.0128205128205128,1.0,27.0,33.0,2001
KK Cooper,17,35,2,35,0.3428571428571428,0.0571428571428571,1.0,4.0,19.0,910
KL Nagarkoti,4,5,0,5,0.0,0.0,1.0,0.0,1.0,150
KM Asif,5,7,0,7,0.0,0.0,1.0,3.0,0.0,202
KMA Paul,4,10,1,10,0.6000000000000001,0.1,1.0,0.0,4.0,277
KMDN Kulasekara,2,2,0,2,0.0,0.0,1.0,0.0,2.0,60
KP Appanna,6,10,1,10,0.6000000000000001,0.1,1.0,0.0,0.0,277
KP Pietersen,7,9,0,9,0.0,0.0,1.0,1.0,1.0,252
KR Sen,8,14,0,14,0.0,0.0,1.0,2.0,4.0,379
KT Maphaka,1,1,0,1,0.0,0.0,1.0,1.0,0.0,35
KV Sharma,50,81,10,81,0.7407407407407407,0.1234567901234567,1.0,7.0,5.0,2076
KW Richardson,11,19,1,19,0.3157894736842105,0.0526315789473684,1.0,9.0,8.0,506
Kamran Khan,5,14,1,14,0.4285714285714285,0.0714285714285714,1.0,6.0,5.0,379
Karanveer Singh,7,14,0,14,0.0,0.0,1.0,0.0,4.0,379
Kartik Tyagi,13,16,1,16,0.375,0.0625,1.0,5.0,6.0,429
Kuldeep Yadav,52,90,3,90,0.2,0.0333333333333333,1.0,0.0,17.0,2305
L Ablish,2,5,0,5,0.0,0.0,1.0,1.0,3.0,150
L Balaji,46,78,4,78,0.3076923076923077,0.0512820512820512,1.0,15.0,30.0,2001
L Ngidi,13,28,2,28,0.4285714285714285,0.0714285714285714,1.0,8.0,13.0,733
L Wood,1,1,0,1,0.0,0.0,1.0,0.0,0.0,35
LA Carseldine,1,1,0,1,0.0,0.0,1.0,1.0,0.0,35
LB Williams,1,1,0,1,0.0,0.0,1.0,0.0,0.0,35
LE Plunkett,2,4,0,4,0.0,0.0,1.0,1.0,2.0,115
LH Ferguson,31,57,4,57,0.4210526315789473,0.0701754385964912,1.0,17.0,17.0,1468
LI Meriwala,1,1,0,1,0.0,0.0,1.0,0.0,0.0,35
LMP Simmons,1,1,0,1,0.0,0.0,1.0,0.0,0.0,35
LR Shukla,13,17,0,17,0.0,0.0,1.0,0.0,8.0,454
LS Livingstone,7,11,0,11,0.0,0.0,1.0,1.0,0.0,302
Lalit Yadav,9,11,0,11,0.0,0.0,1.0,2.0,1.0,302
M Ashwin,24,35,0,35,0.0,0.0,1.0,2.0,6.0,910
M Jansen,14,22,1,22,0.2727272727272727,0.0454545454545454,1.0,14.0,2.0,581
M Kartik,22,30,4,30,0.8,0.1333333333333333,1.0,4.0,4.0,785
M Markande,22,37,1,37,0.1621621621621621,0.027027027027027,1.0,0.0,1.0,962
M Morkel,47,80,9,80,0.675,0.1125,1.0,33.0,33.0,2051
M Muralitharan,40,63,0,63,0.0,0.0,1.0,3.0,13.0,1620
M Ntini,4,8,1,8,0.75,0.125,1.0,5.0,3.0,227
M Pathirana,19,38,1,38,0.1578947368421052,0.0263157894736842,1.0,0.0,26.0,987
M Prasidh Krishna,34,54,2,54,0.2222222222222222,0.037037037037037,1.0,16.0,23.0,1393
M Siddharth,1,1,0,1,0.0,0.0,1.0,1.0,0.0,35
M Theekshana,15,25,0,25,0.0,0.0,1.0,9.0,8.0,658
M de Lange,2,3,0,3,0.0,0.0,1.0,0.0,2.0,90
MA Khote,1,2,0,2,0.0,0.0,1.0,0.0,1.0,60
MA Starc,30,59,2,59,0.2033898305084746,0.0338983050847457,1.0,20.0,30.0,1518
MA Wood,4,11,0,11,0.0,0.0,1.0,2.0,6.0,302
MC Henriques,30,44,2,44,0.2727272727272727,0.0454545454545454,1.0,8.0,3.0,1139
MF Maharoof,15,33,2,33,0.3636363636363636,0.0606060606060606,1.0,11.0,10.0,860
MG Bracewell,4,6,0,6,0.0,0.0,1.0,3.0,0.0,177
MG Johnson,36,61,2,61,0.1967213114754098,0.0327868852459016,1.0,25.0,26.0,1570
MJ Henry,2,3,1,3,2.0,0.3333333333333333,1.0,1.0,2.0,90
MJ McClenaghan,43,75,0,75,0.0,0.0,1.0,32.0,28.0,1924
MJ Santner,13,16,0,16,0.0,0.0,1.0,2.0,1.0,429
MK Lomror,2,2,1,2,3.0,0.5,1.0,1.0,0.0,60
MK Tiwary,1,1,0,1,0.0,0.0,1.0,0.0,1.0,35
MM Ali,26,40,1,40,0.15,0.025,1.0,2.0,2.0,1037
MM Patel,37,74,1,74,0.081081081081081,0.0135135135135135,1.0,25.0,20.0,1899
MM Sharma,75,144,9,144,0.375,0.0625,1.0,35.0,72.0,3673
MP Stoinis,31,45,0,45,0.0,0.0,1.0,8.0,15.0,1164
MP Yadav,3,8,0,8,0.0,0.0,1.0,2.0,1.0,227
MR Marsh,13,23,0,23,0.0,0.0,1.0,6.0,5.0,606
MS Gony,24,35,2,35,0.3428571428571428,0.0571428571428571,1.0,18.0,4.0,910
Mashrafe Mortaza,1,1,1,1,6.0,1.0,1.0,0.0,1.0,25
Mayank Dagar,2,2,0,2,0.0,0.0,1.0,0.0,0.0,60
Mohammad Asif,6,9,1,9,0.6666666666666666,0.1111111111111111,1.0,3.0,5.0,252
Mohammad Hafeez,2,2,0,2,0.0,0.0,1.0,0.0,0.0,60
Mohammad Nabi,10,15,0,15,0.0,0.0,1.0,7.0,2.0,404
Mohammed Shami,83,144,7,144,0.2916666666666667,0.0486111111111111,1.0,51.0,69.0,3673
Mohammed Siraj,58,96,5,96,0.3125,0.0520833333333333,1.0,37.0,38.0,2457
Mohsin Khan,17,27,0,27,0.0,0.0,1.0,11.0,10.0,708
Mujeeb Ur Rahman,11,20,0,20,0.0,0.0,1.0,5.0,5.0,531
Mukesh Choudhary,8,16,0,16,0.0,0.0,1.0,11.0,2.0,429
Mukesh Kumar,16,31,8,31,1.5483870967741935,0.2580645161290322,1.0,5.0,16.0,810
Mustafizur Rahman,40,70,3,70,0.2571428571428571,0.0428571428571428,1.0,15.0,37.0,1797
N Burger,5,7,0,7,0.0,0.0,1.0,4.0,1.0,202
N Rana,7,10,0,10,0.0,0.0,1.0,0.0,2.0,277
N Thushara,4,8,0,8,0.0,0.0,1.0,6.0,2.0,227
NB Singh,1,1,0,1,0.0,0.0,1.0,1.0,0.0,35
ND Doshi,1,1,0,1,0.0,0.0,1.0,0.0,1.0,35
NLTC Perera,16,26,0,26,0.0,0.0,1.0,4.0,16.0,683
NM Coulter-Nile,26,52,3,52,0.3461538461538461,0.0576923076923076,1.0,15.0,22.0,1341
NT Ellis,11,19,1,19,0.3157894736842105,0.0526315789473684,1.0,4.0,5.0,506
Navdeep Saini,17,26,0,26,0.0,0.0,1.0,9.0,12.0,683
Naveen-ul-Haq,12,26,0,26,0.0,0.0,1.0,6.0,11.0,683
Nithish Kumar Reddy,3,4,1,4,1.5,0.25,1.0,0.0,1.0,115
Noor Ahmad,14,24,1,24,0.25,0.0416666666666666,1.0,1.0,4.0,633
O Thomas,3,5,0,5,0.0,0.0,1.0,2.0,2.0,150
OC McCoy,6,11,0,11,0.0,0.0,1.0,0.0,8.0,302
OF Smith,4,7,0,7,0.0,0.0,1.0,1.0,4.0,202
P Amarnath,5,7,0,7,0.0,0.0,1.0,0.0,0.0,202
P Awana,22,39,1,39,0.1538461538461538,0.0256410256410256,1.0,14.0,14.0,1012
P Dubey,1,1,0,1,0.0,0.0,1.0,0.0,0.0,35
P Kumar,63,96,3,96,0.1875,0.03125,1.0,40.0,39.0,2457
P Negi,25,38,3,38,0.4736842105263157,0.0789473684210526,1.0,3.0,8.0,987
P Parameswaran,3,5,0,5,0.0,0.0,1.0,1.0,3.0,150
P Sahu,2,3,0,3,0.0,0.0,1.0,0.0,0.0,90
P Suyal,2,2,0,2,0.0,0.0,1.0,1.0,0.0,60
PC Valthaty,4,7,0,7,0.0,0.0,1.0,0.0,2.0,202
PD Collingwood,4,5,0,5,0.0,0.0,1.0,0.0,3.0,150
PH Solanki,1,2,0,2,0.0,0.0,1.0,0.0,1.0,60
PJ Cummins,40,66,1,66,0.0909090909090909,0.0151515151515151,1.0,21.0,20.0,1697
PJ Sangwan,29,44,2,44,0.2727272727272727,0.0454545454545454,1.0,16.0,5.0,1139
PM Sarvesh Kumar,1,1,0,1,0.0,0.0,1.0,0.0,0.0,35
PP Chawla,125,198,6,198,0.1818181818181818,0.0303030303030303,1.0,21.0,29.0,5041
PP Ojha,54,91,3,91,0.1978021978021978,0.0329670329670329,1.0,6.0,17.0,2330
PV Tambe,18,28,1,28,0.2142857142857142,0.0357142857142857,1.0,3.0,1.0,733
PVD Chameera,6,11,1,11,0.5454545454545454,0.0909090909090909,1.0,7.0,3.0,302
PWH de Silva,20,36,0,36,0.0,0.0,1.0,4.0,8.0,937
Pankaj Singh,6,11,0,11,0.0,0.0,1.0,8.0,1.0,302
Parvez Rasool,3,3,0,3,0.0,0.0,1.0,1.0,0.0,90
R Ashwin,125,189,9,189,0.2857142857142857,0.0476190476190476,1.0,49.0,22.0,4812
R Bhatia,46,78,4,78,0.3076923076923077,0.0512820512820512,1.0,0.0,18.0,2001
R Dhawan,19,27,0,27,0.0,0.0,1.0,5.0,4.0,708
R McLaren,9,13,1,13,0.4615384615384615,0.0769230769230769,1.0,4.0,6.0,354
R Ninan,2,3,0,3,0.0,0.0,1.0,0.0,0.0,90
R Parag,5,5,0,5,0.0,0.0,1.0,1.0,0.0,150
R Powell,1,1,0,1,0.0,0.0,1.0,0.0,0.0,35
R Rampaul,10,15,1,15,0.4,0.0666666666666666,1.0,9.0,4.0,404
R Sai Kishore,8,13,0,13,0.0,0.0,1.0,1.0,2.0,354
R Sathish,4,6,1,6,1.0,0.1666666666666666,1.0,0.0,1.0,177
R Sharma,6,7,0,7,0.0,0.0,1.0,0.0,0.0,202
R Shepherd,3,6,1,6,1.0,0.1666666666666666,1.0,2.0,2.0,177
R Shukla,5,7,0,7,0.0,0.0,1.0,4.0,2.0,202
R Tewatia,23,36,8,36,1.3333333333333333,0.2222222222222222,1.0,0.0,4.0,937
R Vinay Kumar,55,100,8,100,0.48,0.08,1.0,27.0,44.0,2557
RA Jadeja,93,158,2,158,0.0759493670886076,0.0126582278481012,1.0,5.0,23.0,4027
RD Chahar,47,76,1,76,0.0789473684210526,0.0131578947368421,1.0,3.0,8.0,1949
RE van der Merwe,15,20,1,20,0.3,0.05,1.0,4.0,3.0,531
RG More,1,1,0,1,0.0,0.0,1.0,0.0,0.0,35
RG Sharma,9,16,1,16,0.375,0.0625,1.0,2.0,2.0,429
RJ Gleeson,1,1,0,1,0.0,0.0,1.0,1.0,0.0,35
RJ Harris,23,43,1,43,0.1395348837209302,0.0232558139534883,1.0,14.0,23.0,1114
RJ Peterson,1,3,0,3,0.0,0.0,1.0,0.0,0.0,90
RJW Topley,4,5,0,5,0.0,0.0,1.0,2.0,2.0,150
RN ten Doeschate,3,3,0,3,0.0,0.0,1.0,0.0,0.0,90
RP Meredith,15,21,0,21,0.0,0.0,1.0,2.0,11.0,556
RP Singh,46,83,2,83,0.144578313253012,0.0240963855421686,1.0,27.0,48.0,2126
RR Powar,9,13,1,13,0.4615384615384615,0.0769230769230769,1.0,6.0,0.0,354
RR Raje,4,7,0,7,0.0,0.0,1.0,0.0,0.0,202
RS Bopara,8,13,0,13,0.0,0.0,1.0,0.0,2.0,354
RS Hangargekar,1,3,0,3,0.0,0.0,1.0,1.0,1.0,90
Ramandeep Singh,3,6,0,6,0.0,0.0,1.0,0.0,3.0,177
Rashid Khan,96,157,3,157,0.1146496815286624,0.019108280254777,1.0,15.0,28.0,4002
Rasikh Salam,4,9,0,9,0.0,0.0,1.0,0.0,3.0,252
Ravi Bishnoi,43,68,0,68,0.0,0.0,1.0,3.0,8.0,1747
S Aravind,25,45,0,45,0.0,0.0,1.0,20.0,13.0,1164
S Badree,7,11,0,11,0.0,0.0,1.0,7.0,0.0,302
S Dhawan,3,3,0,3,0.0,0.0,1.0,1.0,0.0,90
S Dube,3,6,1,6,1.0,0.1666666666666666,1.0,0.0,3.0,177
S Gopal,32,53,0,53,0.0,0.0,1.0,8.0,1.0,1366
S Kaul,37,61,3,61,0.2950819672131147,0.0491803278688524,1.0,13.0,28.0,1570
S Kaushik,3,6,0,6,0.0,0.0,1.0,0.0,0.0,177
S Ladda,4,5,0,5,0.0,0.0,1.0,1.0,3.0,150
S Lamichhane,8,14,2,14,0.8571428571428571,0.1428571428571428,1.0,5.0,0.0,379
S Nadeem,37,51,2,51,0.2352941176470588,0.0392156862745098,1.0,10.0,2.0,1316
S Narwal,2,6,0,6,0.0,0.0,1.0,4.0,2.0,177
S Randiv,5,8,1,8,0.75,0.125,1.0,0.0,2.0,227
S Sandeep Warrier,4,8,0,8,0.0,0.0,1.0,8.0,0.0,227
S Sreesanth,22,36,1,36,0.1666666666666666,0.0277777777777777,1.0,22.0,7.0,937
S Tyagi,5,6,0,6,0.0,0.0,1.0,5.0,0.0,177
S Vidyut,1,1,0,1,0.0,0.0,1.0,0.0,0.0,35
SA Abbott,1,1,0,1,0.0,0.0,1.0,1.0,0.0,35
SB Bangar,4,6,0,6,0.0,0.0,1.0,2.0,0.0,177
SB Jakati,28,48,1,48,0.125,0.0208333333333333,1.0,1.0,5.0,1241
SB Joshi,1,1,0,1,0.0,0.0,1.0,0.0,0.0,35
SB Styris,5,9,0,9,0.0,0.0,1.0,1.0,3.0,252
SB Wagh,1,1,0,1,0.0,0.0,1.0,1.0,0.0,35
SC Ganguly,5,9,1,9,0.6666666666666666,0.1111111111111111,1.0,0.0,0.0,252
SC Kuggeleijn,1,2,0,2,0.0,0.0,1.0,0.0,2.0,60
SD Chitnis,1,2,0,2,0.0,0.0,1.0,0.0,1.0,60
SE Bond,6,9,0,9,0.0,0.0,1.0,4.0,2.0,252
SE Rutherford,1,1,0,1,0.0,0.0,1.0,0.0,0.0,35
SH Johnson,3,4,0,4,0.0,0.0,1.0,1.0,2.0,115
SJ Srivastava,8,11,0,11,0.0,0.0,1.0,5.0,1.0,302
SK Raina,23,30,2,30,0.4,0.0666666666666666,1.0,2.0,8.0,785
SK Trivedi,39,63,1,63,0.0952380952380952,0.0158730158730158,1.0,7.0,13.0,1620
SK Warne,35,56,2,56,0.2142857142857142,0.0357142857142857,1.0,1.0,9.0,1443
SL Malinga,87,174,9,174,0.3103448275862069,0.0517241379310344,1.0,38.0,97.0,4433
SM Boland,1,3,1,3,2.0,0.3333333333333333,1.0,1.0,2.0,90
SM Curran,36,62,2,62,0.1935483870967742,0.032258064516129,1.0,12.0,36.0,1595
SM Harwood,2,3,0,3,0.0,0.0,1.0,1.0,1.0,90
SM Pollock,8,13,1,13,0.4615384615384615,0.0769230769230769,1.0,9.0,0.0,354
SMSM Senanayake,6,8,0,8,0.0,0.0,1.0,3.0,1.0,227
SN Thakur,58,100,1,100,0.06,0.01,1.0,23.0,42.0,2557
SP Narine,116,195,7,195,0.2153846153846153,0.0358974358974358,1.0,28.0,65.0,4964
SR Watson,60,103,7,103,0.4077669902912621,0.0679611650485436,1.0,34.0,46.0,2634
SS Agarwal,1,1,0,1,0.0,0.0,1.0,0.0,0.0,35
SS Cottrell,4,6,0,6,0.0,0.0,1.0,4.0,2.0,177
SS Sarkar,1,1,0,1,0.0,0.0,1.0,0.0,1.0,35
SSB Magala,1,1,0,1,0.0,0.0,1.0,0.0,0.0,35
ST Jayasuriya,8,16,1,16,0.375,0.0625,1.0,0.0,3.0,429
STR Binny,21,27,1,27,0.2222222222222222,0.037037037037037,1.0,8.0,3.0,708
SW Tait,11,22,1,22,0.2727272727272727,0.0454545454545454,1.0,6.0,12.0,581
Sachin Baby,2,3,0,3,0.0,0.0,1.0,0.0,2.0,90
Sandeep Sharma,90,153,6,153,0.2352941176470588,0.0392156862745098,1.0,63.0,54.0,3900
Shahbaz Ahmed,14,21,0,21,0.0,0.0,1.0,2.0,4.0,556
Shahid Afridi,5,9,0,9,0.0,0.0,1.0,1.0,2.0,252
Shakib Al Hasan,43,64,3,64,0.28125,0.046875,1.0,19.0,10.0,1645
Shashank Singh,1,1,0,1,0.0,0.0,1.0,0.0,0.0,35
Shivam Mavi,24,33,2,33,0.3636363636363636,0.0606060606060606,1.0,9.0,15.0,860
Shivam Sharma,3,4,0,4,0.0,0.0,1.0,0.0,0.0,115
Shoaib Ahmed,3,5,0,5,0.0,0.0,1.0,1.0,0.0,150
Shoaib Akhtar,2,5,0,5,0.0,0.0,1.0,5.0,0.0,150
Shoaib Malik,2,2,0,2,0.0,0.0,1.0,0.0,0.0,60
Sikandar Raza,3,3,0,3,0.0,0.0,1.0,0.0,0.0,90
Simarjeet Singh,6,10,1,10,0.6000000000000001,0.1,1.0,3.0,1.0,277
Sohail Tanvir,8,24,1,24,0.25,0.0416666666666666,1.0,6.0,18.0,633
Suyash Sharma,6,11,1,11,0.5454545454545454,0.0909090909090909,1.0,3.0,1.0,302
Swapnil Singh,5,7,0,7,0.0,0.0,1.0,5.0,0.0,202
T Henderson,1,1,0,1,0.0,0.0,1.0,0.0,0.0,35
T Natarajan,45,76,3,76,0.2368421052631578,0.0394736842105263,1.0,17.0,43.0,1949
T Shamsi,3,3,0,3,0.0,0.0,1.0,0.0,0.0,90
T Stubbs,3,4,1,4,1.5,0.25,1.0,0.0,0.0,115
T Thushara,5,10,1,10,0.6000000000000001,0.1,1.0,3.0,6.0,277
TA Boult,81,128,2,128,0.09375,0.015625,1.0,63.0,47.0,3267
TG Southee,29,56,4,56,0.4285714285714285,0.0714285714285714,1.0,21.0,24.0,1443
TK Curran,9,13,0,13,0.0,0.0,1.0,1.0,7.0,354
TL Suman,4,6,1,6,1.0,0.1666666666666666,1.0,0.0,2.0,177
TM Dilshan,4,4,0,4,0.0,0.0,1.0,0.0,0.0,115
TM Head,2,3,1,3,2.0,0.3333333333333333,1.0,0.0,1.0,90
TP Sudhindra,1,1,0,1,0.0,0.0,1.0,0.0,0.0,35
TS Mills,7,11,0,11,0.0,0.0,1.0,6.0,4.0,302
TU Deshpande,24,46,2,46,0.2608695652173913,0.0434782608695652,1.0,15.0,21.0,1189
UT Yadav,88,160,10,160,0.375,0.0625,1.0,60.0,54.0,4077
Umar Gul,6,14,1,14,0.4285714285714285,0.0714285714285714,1.0,5.0,5.0,379
Umran Malik,16,31,0,31,0.0,0.0,1.0,0.0,5.0,810
V Kaverappa,1,2,0,2,0.0,0.0,1.0,2.0,0.0,60
V Kohli,3,4,1,4,1.5,0.25,1.0,0.0,1.0,115
V Pratap Singh,7,10,0,10,0.0,0.0,1.0,3.0,4.0,277
V Sehwag,5,6,0,6,0.0,0.0,1.0,0.0,1.0,177
V Shankar,11,12,1,12,0.5,0.0833333333333333,1.0,0.0,2.0,329
V Viyaskanth,1,1,0,1,0.0,0.0,1.0,0.0,0.0,35
VG Arora,12,20,1,20,0.3,0.05,1.0,12.0,6.0,531
VR Aaron,27,46,1,46,0.1304347826086956,0.0217391304347826,1.0,15.0,13.0,1189
VR Iyer,2,3,0,3,0.0,0.0,1.0,0.0,1.0,90
VRV Singh,10,16,3,16,1.125,0.1875,1.0,1.0,11.0,429
VS Malik,5,6,0,6,0.0,0.0,1.0,4.0,0.0,177
VY Mahesh,11,21,1,21,0.2857142857142857,0.0476190476190476,1.0,4.0,10.0,556
Vijaykumar Vyshak,9,17,0,17,0.0,0.0,1.0,2.0,4.0,454
WA Mota,4,4,0,4,0.0,0.0,1.0,0.0,0.0,115
WD Parnell,10,16,1,16,0.375,0.0625,1.0,8.0,6.0,429
WG Jacks,2,2,0,2,0.0,0.0,1.0,1.0,0.0,60
WPUJC Vaas,11,22,0,22,0.0,0.0,1.0,17.0,4.0,581
Washington Sundar,26,39,0,39,0.0,0.0,1.0,14.0,1.0,1012
Y Nagar,3,4,0,4,0.0,0.0,1.0,0.0,0.0,115
Y Prithvi Raj,1,1,0,1,0.0,0.0,1.0,0.0,0.0,35
Y Venugopal Rao,5,7,0,7,0.0,0.0,1.0,1.0,1.0,202
YA Abdulla,6,15,0,15,0.0,0.0,1.0,7.0,6.0,404
YK Pathan,27,38,3,38,0.4736842105263157,0.0789473684210526,1.0,14.0,3.0,987
YS Chahal,122,213,5,213,0.1408450704225352,0.0234741784037558,1.0,18.0,34.0,5420
Yash Dayal,19,31,3,31,0.5806451612903225,0.0967741935483871,1.0,13.0,11.0,810
Yash Thakur,14,27,2,27,0.4444444444444444,0.074074074074074,1.0,7.0,15.0,708
Yudhvir Singh,3,4,0,4,0.0,0.0,1.0,3.0,0.0,115
Yuvraj Singh,13,24,1,24,0.25,0.0416666666666666,1.0,0.0,4.0,633
Z Khan,65,113,6,113,0.3185840707964602,0.0530973451327433,1.0,56.0,39.0,2886
