batter,matches,total_runs,balls_faced,fours,sixes,dismissals,strike_rate,batting_average,powerplay_runs,death_overs_runs,StrikeRate_Powerplay,StrikeRate_DeathOvers,Boundary_Percentage,Impact
A Ashish Reddy,21,254,172,15,14,15,147.67441860465115,16.933333333333334,5.0,169.0,2.9069767441860463,98.25581395348837,56.69291338582677,25.006201550387594
A Badoni,35,633,465,46,24,26,136.1290322580645,24.346153846153847,18.0,332.0,3.870967741935484,71.3978494623656,51.81674565560821,33.14218362282878
A Chandila,2,4,7,0,0,1,57.14285714285714,4.0,0.0,4.0,0.0,57.14285714285714,0.0,2.2857142857142856
A Chopra,6,53,70,7,0,5,75.71428571428571,10.6,27.0,0.0,38.57142857142858,0.0,52.83018867924528,8.025714285714285
A Choudhary,3,25,20,1,1,2,125.0,12.5,0.0,24.0,0.0,120.0,40.0,15.625
A Dananjaya,1,4,5,0,0,0,80.0,inf,0.0,4.0,0.0,80.0,0.0,inf
A Flintoff,3,62,50,5,2,2,124.0,31.0,14.0,22.0,28.000000000000004,44.0,51.61290322580645,38.44
A Kamboj,1,2,2,0,0,0,100.0,inf,0.0,0.0,0.0,0.0,0.0,inf
A Kumble,14,35,45,3,0,2,77.77777777777779,17.5,0.0,29.0,0.0,64.44444444444444,34.285714285714285,13.611111111111112
A Manohar,15,231,174,21,10,14,132.75862068965515,16.5,12.0,85.0,6.896551724137931,48.85057471264368,62.33766233766234,21.905172413793096
A Mishra,51,350,382,28,5,27,91.62303664921468,12.962962962962964,1.0,219.0,0.2617801047120419,57.32984293193717,40.57142857142857,11.877060306379681
A Mithun,6,34,24,4,1,5,141.66666666666669,6.8,0.0,13.0,0.0,54.166666666666664,64.70588235294117,9.633333333333335
A Mukund,2,19,22,1,0,2,86.36363636363636,9.5,14.0,0.0,63.63636363636363,0.0,21.052631578947366,8.204545454545453
A Nehra,13,28,44,2,1,7,63.63636363636363,4.0,0.0,23.0,0.0,52.27272727272727,50.0,2.5454545454545454
A Nortje,12,49,48,6,0,5,102.08333333333331,9.8,0.0,46.0,0.0,95.83333333333334,48.97959183673469,10.004166666666665
A Raghuvanshi,7,163,102,16,8,7,159.80392156862746,23.285714285714285,78.0,0.0,76.47058823529412,0.0,68.71165644171779,37.21148459383753
A Singh,5,2,9,0,0,4,22.22222222222222,0.5,0.0,2.0,0.0,22.22222222222222,0.0,0.1111111111111111
A Symonds,34,954,716,72,41,24,133.24022346368716,39.75,72.0,220.0,10.05586592178771,30.726256983240223,55.9748427672956,52.962988826815646
A Tomar,1,4,8,1,0,1,50.0,4.0,4.0,0.0,50.0,0.0,100.0,2.0
A Uniyal,2,4,7,0,0,1,57.14285714285714,4.0,0.0,4.0,0.0,57.14285714285714,0.0,2.2857142857142856
A Zampa,5,15,24,1,0,5,62.5,3.0,0.0,5.0,0.0,20.833333333333336,26.666666666666668,1.875
AA Bilakhia,7,69,81,5,0,5,85.18518518518519,13.8,23.0,34.0,28.39506172839506,41.9753086419753,28.985507246376812,11.755555555555556
AA Chavan,2,11,8,2,0,1,137.5,11.0,0.0,11.0,0.0,137.5,72.72727272727273,15.125
AA Jhunjhunwala,13,207,190,17,5,12,108.94736842105264,17.25,19.0,53.0,10.0,27.89473684210526,47.34299516908212,18.793421052631583
AA Kulkarni,2,9,8,2,0,2,112.5,4.5,9.0,0.0,112.5,0.0,88.88888888888889,5.0625
AA Noffke,1,9,10,1,0,1,90.0,9.0,0.0,0.0,0.0,0.0,44.44444444444444,8.1
AB Agarkar,18,177,147,13,5,8,120.40816326530611,22.125,20.0,108.0,13.60544217687075,73.46938775510205,46.32768361581921,26.64030612244898
AB Barath,3,42,41,5,1,2,102.4390243902439,21.0,18.0,2.0,43.90243902439025,4.878048780487805,61.904761904761905,21.51219512195122
AB Dinda,10,15,31,1,0,7,48.38709677419355,2.142857142857143,0.0,7.0,0.0,22.58064516129032,26.666666666666668,1.0368663594470047
AB McDonald,9,123,96,9,4,5,128.125,24.6,30.0,78.0,31.25,81.25,48.78048780487805,31.51875
AB de Villiers,164,4945,3236,399,235,123,152.81211372064277,40.203252032520325,741.0,1269.0,22.898640296662546,39.215080346106305,60.788675429727,61.43543921533159
AC Blizzard,6,114,82,20,2,6,139.02439024390242,19.0,93.0,0.0,113.41463414634146,0.0,80.7017543859649,26.41463414634146
AC Gilchrist,73,1987,1373,226,91,70,144.7195921340131,28.38571428571429,1316.0,52.0,95.84850691915513,3.7873270211216314,72.97433316557624,41.079689938612006
AC Voges,7,181,137,15,3,6,132.1167883211679,30.166666666666668,7.0,66.0,5.109489051094891,48.175182481751825,43.0939226519337,39.85523114355232
AD Hales,6,147,116,13,6,6,126.72413793103448,24.5,113.0,0.0,97.41379310344827,0.0,59.863945578231295,31.047413793103445
AD Mascarenhas,10,74,72,5,1,9,102.77777777777776,8.222222222222221,4.0,31.0,5.555555555555555,43.05555555555556,35.13513513513514,8.450617283950614
AD Mathews,23,423,320,34,15,16,132.1875,26.4375,9.0,243.0,2.8125,75.9375,53.42789598108747,34.9470703125
AD Nath,10,90,98,7,2,10,91.83673469387756,9.0,11.0,16.0,11.224489795918368,16.3265306122449,44.44444444444444,8.265306122448981
AD Russell,104,2465,1392,168,208,84,177.08333333333331,29.34523809523809,41.0,1050.0,2.9454022988505746,75.43103448275862,77.89046653144015,51.96552579365078
AF Milne,6,23,29,0,1,5,79.3103448275862,4.6,0.0,15.0,0.0,51.724137931034484,26.08695652173913,3.648275862068965
AG Murtaza,1,2,5,0,0,0,40.0,inf,0.0,2.0,0.0,40.0,0.0,inf
AG Paunikar,5,48,54,9,0,5,88.88888888888889,9.6,48.0,0.0,88.88888888888889,0.0,75.0,8.533333333333333
AJ Finch,75,1603,1234,159,59,69,129.902755267423,23.231884057971016,666.0,182.0,53.970826580226905,14.748784440842789,61.75920149719276,30.178857491837547
AJ Hosein,1,16,10,1,1,0,160.0,inf,0.0,16.0,0.0,160.0,62.5,inf
AJ Turner,6,24,27,0,2,5,88.88888888888889,4.8,0.0,4.0,0.0,14.814814814814813,50.0,4.266666666666667
AJ Tye,13,91,70,6,5,8,130.0,11.375,0.0,54.0,0.0,77.14285714285715,59.34065934065934,14.7875
AK Markram,42,995,762,73,35,33,130.57742782152232,30.151515151515152,100.0,173.0,13.123359580052494,22.703412073490814,50.45226130653266,39.37107293406506
AL Menaria,20,317,282,20,13,18,112.41134751773048,17.61111111111111,2.0,73.0,0.7092198581560284,25.886524822695034,49.8422712933754,19.796887312844756
AM Nayar,39,563,438,45,20,30,128.53881278538813,18.766666666666666,48.0,199.0,10.95890410958904,45.4337899543379,53.285968028419184,24.122450532724507
AM Rahane,165,4459,3555,460,101,151,125.42897327707452,29.52980132450331,2262.0,355.0,63.628691983122366,9.985935302390999,54.855348732899756,37.03892661208445
AN Ahmed,6,36,25,4,1,1,144.0,36.0,0.0,36.0,0.0,144.0,61.111111111111114,51.84
AN Ghosh,2,7,8,1,0,2,87.5,3.5,7.0,0.0,87.5,0.0,57.14285714285714,3.0625
AP Dole,2,34,22,3,1,2,154.54545454545453,17.0,0.0,32.0,0.0,145.45454545454547,52.94117647058824,26.27272727272727
AP Tare,27,339,267,40,11,24,126.96629213483146,14.125,226.0,34.0,84.6441947565543,12.734082397003746,66.66666666666666,17.933988764044944
AR Bawne,1,12,12,1,0,0,100.0,inf,0.0,12.0,0.0,100.0,33.33333333333333,inf
AR Patel,112,1643,1240,107,78,78,132.5,21.06410256410257,32.0,750.0,2.5806451612903225,60.483870967741936,54.53438831405965,27.909935897435904
AS Joseph,5,27,31,3,0,1,87.09677419354838,27.0,0.0,16.0,0.0,51.61290322580645,44.44444444444444,23.516129032258064
AS Rajpoot,7,26,40,2,1,4,65.0,6.5,0.0,25.0,0.0,62.5,53.84615384615385,4.225
AS Raut,16,194,167,13,7,11,116.1676646706587,17.636363636363637,7.0,107.0,4.191616766467066,64.07185628742515,48.45360824742268,20.4877517691889
AS Roy,6,26,23,3,0,3,113.04347826086956,8.666666666666666,4.0,22.0,17.391304347826086,95.65217391304348,46.15384615384615,9.797101449275361
AS Yadav,6,49,37,5,2,7,132.43243243243242,7.0,0.0,39.0,0.0,105.40540540540539,65.3061224489796,9.27027027027027
AT Carey,3,32,27,0,1,2,118.5185185185185,16.0,0.0,31.0,0.0,114.81481481481481,18.75,18.962962962962962
AT Rayudu,179,4180,3222,347,166,146,129.73308504034762,28.63013698630137,742.0,860.0,23.02917442582247,26.691495965238982,57.0334928229665,37.14275996360637
AU Rashid,2,21,15,2,1,2,140.0,10.5,0.0,4.0,0.0,26.666666666666668,66.66666666666666,14.7
AUK Pathan,6,27,19,2,2,5,142.10526315789474,5.4,14.0,2.0,73.68421052631578,10.526315789473683,74.07407407407408,7.673684210526317
Abdul Basith,1,1,1,0,0,0,100.0,inf,0.0,1.0,0.0,100.0,0.0,inf
Abdul Samad,39,574,388,36,36,32,147.93814432989691,17.9375,2.0,329.0,0.5154639175257731,84.79381443298969,62.7177700348432,26.536404639175256
Abdur Razzak,1,0,2,0,0,0,0.0,0.0,0.0,0.0,0.0,0.0,,0.0
Abhishek Sharma,61,1369,871,128,72,55,157.1756601607348,24.89090909090909,750.0,128.0,86.10792192881746,14.695752009184845,68.95544192841491,39.122450683644715
Abishek Porel,16,359,234,37,15,15,153.41880341880344,23.933333333333334,141.0,48.0,60.256410256410255,20.51282051282051,66.29526462395543,36.71823361823362
Akash Deep,3,19,12,2,1,2,158.33333333333331,9.5,0.0,10.0,0.0,83.33333333333334,73.68421052631578,15.041666666666664
Akash Madhwal,1,4,4,0,0,0,100.0,inf,0.0,4.0,0.0,100.0,0.0,inf
Aman Hakim Khan,10,115,102,8,6,9,112.74509803921568,12.77777777777778,4.0,40.0,3.9215686274509802,39.21568627450981,59.130434782608695,14.406318082788673
Anirudh Singh,4,63,66,6,1,4,95.45454545454544,15.75,18.0,9.0,27.27272727272727,13.636363636363635,47.61904761904761,15.034090909090908
Ankit Sharma,10,87,67,7,4,7,129.8507462686567,12.428571428571429,27.0,31.0,40.298507462686565,46.26865671641791,59.77011494252874,16.13859275053305
Ankit Soni,3,7,7,0,1,2,100.0,3.5,0.0,7.0,0.0,100.0,85.71428571428571,3.5
Anmolpreet Singh,9,139,115,19,3,9,120.8695652173913,15.444444444444445,116.0,0.0,100.8695652173913,0.0,67.62589928057554,18.667632850241546
Anuj Rawat,21,318,258,26,14,14,123.25581395348836,22.714285714285715,83.0,127.0,32.17054263565892,49.224806201550386,59.11949685534591,27.996677740863785
Anureet Singh,7,36,43,2,1,4,83.72093023255815,9.0,0.0,29.0,0.0,67.44186046511628,38.88888888888889,7.5348837209302335
Arjun Tendulkar,1,13,9,0,1,1,144.44444444444443,13.0,0.0,13.0,0.0,144.44444444444443,46.15384615384615,18.777777777777775
Arshad Khan,6,96,63,5,6,4,152.38095238095238,24.0,0.0,62.0,0.0,98.4126984126984,58.333333333333336,36.57142857142857
Arshad Khan (2),1,5,4,1,0,1,125.0,5.0,0.0,5.0,0.0,125.0,80.0,6.25
Arshdeep Singh,11,29,39,4,0,5,74.35897435897436,5.8,0.0,25.0,0.0,64.1025641025641,55.172413793103445,4.3128205128205135
Ashutosh Sharma,9,183,105,10,14,8,174.28571428571428,22.875,0.0,112.0,0.0,106.66666666666667,67.75956284153006,39.86785714285714
Atharva Taide,9,247,164,27,8,8,150.609756097561,30.875,144.0,0.0,87.8048780487805,0.0,63.1578947368421,46.50076219512195
Avesh Khan,8,41,24,3,3,1,170.83333333333331,41.0,0.0,29.0,0.0,120.83333333333333,73.17073170731707,70.04166666666666
Azhar Mahmood,20,388,291,39,13,18,133.33333333333331,21.55555555555556,22.0,96.0,7.560137457044673,32.98969072164948,60.30927835051546,28.740740740740744
Azmatullah Omarzai,4,42,33,2,2,4,127.27272727272728,10.5,0.0,0.0,0.0,0.0,47.61904761904761,13.363636363636365
B Akhil,10,63,44,5,4,6,143.1818181818182,10.5,0.0,49.0,0.0,111.36363636363636,69.84126984126983,15.03409090909091
B Chipli,17,237,203,24,6,14,116.7487684729064,16.928571428571427,37.0,61.0,18.226600985221676,30.049261083743843,55.69620253164557,19.763898662913437
B Indrajith,3,21,30,2,0,3,70.0,7.0,19.0,0.0,63.33333333333333,0.0,38.095238095238095,4.9
B Kumar,45,213,205,23,2,24,103.90243902439023,8.875,0.0,177.0,0.0,86.34146341463415,48.82629107981221,9.221341463414634
B Laughlin,4,5,13,0,0,2,38.46153846153847,2.5,0.0,1.0,0.0,7.6923076923076925,0.0,0.9615384615384616
B Lee,17,122,89,8,8,8,137.07865168539325,15.25,0.0,102.0,0.0,114.6067415730337,65.57377049180327,20.90449438202247
B Sai Sudharsan,25,1018,727,94,31,21,140.02751031636865,48.47619047619048,267.0,112.0,36.72627235213205,15.405777166437415,55.20628683693517,67.88000262003014
B Stanlake,1,5,2,1,0,0,250.0,inf,0.0,5.0,0.0,250.0,80.0,inf
B Sumanth,4,35,37,3,0,1,94.5945945945946,35.0,0.0,23.0,0.0,62.16216216216216,34.285714285714285,33.108108108108105
BA Bhatt,2,6,7,0,1,0,85.71428571428571,inf,0.0,6.0,0.0,85.71428571428571,100.0,inf
BA Stokes,43,934,686,81,32,41,136.15160349854227,22.78048780487805,240.0,127.0,34.98542274052478,18.513119533527696,55.24625267665952,31.01599943113134
BAW Mendis,2,1,2,0,0,1,50.0,1.0,0.0,1.0,0.0,50.0,0.0,0.5
BB McCullum,94,2423,1775,245,112,91,136.50704225352112,26.626373626373628,1288.0,141.0,72.56338028169014,7.943661971830986,68.17994222038794,36.34687509673425
BB Samantray,6,86,71,10,1,4,121.12676056338027,21.5,8.0,29.0,11.267605633802818,40.845070422535215,53.48837209302325,26.04225352112676
BB Sran,5,9,12,0,0,1,75.0,9.0,0.0,8.0,0.0,66.66666666666666,0.0,6.75
BCJ Cutting,17,238,137,15,19,11,173.72262773722628,21.63636363636364,0.0,208.0,0.0,151.82481751824815,73.10924369747899,37.5872594558726
BE Hendricks,2,1,3,0,0,1,33.33333333333333,1.0,0.0,1.0,0.0,33.33333333333333,0.0,0.33333333333333326
BJ Haddin,1,18,11,2,1,1,163.63636363636363,18.0,18.0,0.0,163.63636363636365,0.0,77.77777777777779,29.45454545454545
BJ Hodge,46,1074,832,93,34,33,129.08653846153845,32.54545454545455,108.0,389.0,12.980769230769232,46.75480769230769,53.63128491620112,42.0118006993007
BJ Rohrer,6,173,115,19,5,5,150.43478260869566,34.6,0.0,73.0,0.0,63.47826086956522,61.27167630057804,52.0504347826087
BMAJ Mendis,3,23,27,0,0,3,85.18518518518519,7.666666666666667,1.0,0.0,3.7037037037037033,0.0,0.0,6.530864197530865
BR Dunk,3,40,33,7,0,3,121.21212121212122,13.333333333333334,40.0,0.0,121.21212121212122,0.0,70.0,16.161616161616163
BR Sharath,1,2,5,0,0,1,40.0,2.0,0.0,0.0,0.0,0.0,0.0,0.8
Basil Thampi,7,32,33,1,1,2,96.96969696969695,16.0,0.0,29.0,0.0,87.87878787878788,31.25,15.515151515151512
Bipul Sharma,16,152,103,8,7,6,147.5728155339806,25.33333333333333,0.0,118.0,0.0,114.5631067961165,48.68421052631579,37.38511326860841
C Green,28,699,452,62,31,20,154.64601769911502,34.95,190.0,151.0,42.0353982300885,33.4070796460177,62.08869814020028,54.048783185840705
C Madan,1,14,17,3,0,1,82.35294117647058,14.0,14.0,0.0,82.35294117647058,0.0,85.71428571428571,11.52941176470588
C Munro,11,177,139,19,8,9,127.33812949640289,19.666666666666668,131.0,4.0,94.24460431654677,2.877697841726619,70.05649717514125,25.043165467625904
C Nanda,1,0,1,0,0,1,0.0,0.0,0.0,0.0,0.0,0.0,,0.0
C Sakariya,7,20,29,3,0,5,68.96551724137932,4.0,0.0,19.0,0.0,65.51724137931035,60.0,2.7586206896551726
C de Grandhomme,21,297,219,18,17,15,135.6164383561644,19.8,1.0,130.0,0.45662100456621,59.3607305936073,58.58585858585859,26.85205479452055
CA Ingram,14,192,166,21,5,12,115.66265060240964,16.0,14.0,53.0,8.433734939759036,31.92771084337349,59.375,18.50602409638554
CA Lynn,42,1317,930,131,65,39,141.61290322580643,33.76923076923077,773.0,30.0,83.11827956989248,3.225806451612903,69.40015186028855,47.821588089330014
CA Pujara,22,390,381,50,4,18,102.36220472440944,21.666666666666668,215.0,40.0,56.43044619422572,10.498687664041995,57.43589743589743,22.178477690288716
CH Gayle,135,4540,3056,379,314,122,148.56020942408378,37.21311475409836,2175.0,372.0,71.17146596858639,12.172774869109947,74.8898678414097,55.28388121191315
CH Morris,48,607,388,41,34,29,156.44329896907217,20.93103448275862,17.0,446.0,4.381443298969072,114.94845360824742,60.62602965403624,32.74520085318166
CJ Anderson,29,538,416,40,31,22,129.3269230769231,24.454545454545453,52.0,142.0,12.5,34.13461538461539,64.31226765799256,31.62631118881119
CJ Jordan,12,81,74,3,3,9,109.45945945945944,9.0,0.0,69.0,0.0,93.24324324324324,37.03703703703704,9.851351351351349
CJ McKay,1,8,15,0,0,1,53.333333333333336,8.0,0.0,0.0,0.0,0.0,0.0,4.266666666666667
CK Kapugedera,3,16,21,0,0,3,76.19047619047619,5.333333333333333,0.0,13.0,0.0,61.904761904761905,0.0,4.063492063492063
CK Langeveldt,2,8,9,0,1,2,88.88888888888889,4.0,0.0,1.0,0.0,11.11111111111111,75.0,3.5555555555555554
CL White,40,769,606,62,28,30,126.8976897689769,25.633333333333333,87.0,246.0,14.356435643564355,40.5940594059406,54.0962288686606,32.52810781078108
CM Gautam,12,139,117,15,5,8,118.8034188034188,17.375,68.0,44.0,58.119658119658126,37.60683760683761,64.74820143884892,20.642094017094013
CR Brathwaite,14,180,107,10,16,14,168.22429906542055,12.857142857142858,0.0,140.0,0.0,130.8411214953271,75.55555555555556,21.628838451268358
CR Woakes,12,78,77,7,2,5,101.29870129870127,15.6,0.0,52.0,0.0,67.53246753246754,51.28205128205128,15.802597402597398
CRD Fernando,2,4,3,0,0,1,133.33333333333331,4.0,0.0,4.0,0.0,133.33333333333331,0.0,5.333333333333332
CV Varun,10,25,45,2,0,2,55.55555555555556,12.5,0.0,24.0,0.0,53.333333333333336,32.0,6.944444444444445
D Brevis,10,230,172,17,16,10,133.72093023255815,23.0,81.0,0.0,47.093023255813954,0.0,71.30434782608695,30.755813953488374
D Ferreira,2,8,11,0,0,2,72.72727272727273,4.0,0.0,3.0,0.0,27.27272727272727,0.0,2.909090909090909
D Kalyankrishna,1,3,7,0,0,1,42.85714285714285,3.0,0.0,3.0,0.0,42.857142857142854,0.0,1.2857142857142856
D Padikkal,64,1555,1238,170,42,62,125.60581583198709,25.080645161290324,760.0,77.0,61.389337641357024,6.219709208400646,59.935691318327976,31.502748970764504
D Pretorius,5,44,28,3,3,4,157.14285714285714,11.0,0.0,34.0,0.0,121.42857142857142,68.18181818181817,17.285714285714285
D Salunkhe,3,33,24,5,0,1,137.5,33.0,0.0,25.0,0.0,104.16666666666667,60.60606060606061,45.375
D Wiese,11,147,98,12,7,6,150.0,24.5,0.0,109.0,0.0,111.22448979591837,61.224489795918366,36.75
D du Preez,1,10,13,0,0,1,76.92307692307693,10.0,0.0,3.0,0.0,23.076923076923077,0.0,7.6923076923076925
DA Miller,122,2833,2002,201,128,83,141.50849150849152,34.13253012048193,98.0,953.0,4.895104895104895,47.6023976023976,55.48888104482881,48.30042848717549
DA Warner,178,6403,4510,648,225,159,141.97339246119734,40.270440251572325,3222.0,387.0,71.44124168514412,8.580931263858094,61.56489145712947,57.17331018421676
DAJ Bracewell,1,12,9,1,0,0,133.33333333333331,inf,0.0,12.0,0.0,133.33333333333331,33.33333333333333,inf
DB Das,20,281,228,22,15,12,123.24561403508773,23.416666666666668,58.0,84.0,25.438596491228072,36.84210526315789,63.345195729537366,28.860014619883046
DB Ravi Teja,22,331,268,30,9,19,123.50746268656717,17.42105263157895,28.0,109.0,10.44776119402985,40.67164179104478,52.567975830815705,21.516300078554597
DE Bollinger,4,21,21,1,1,1,100.0,21.0,0.0,21.0,0.0,100.0,47.61904761904761,21.0
DG Nalkande,2,12,12,0,1,2,100.0,6.0,0.0,0.0,0.0,0.0,50.0,6.0
DH Yagnik,16,156,118,21,2,8,132.20338983050848,19.5,0.0,91.0,0.0,77.11864406779661,61.53846153846154,25.779661016949152
DJ Bravo,106,1528,1156,118,64,67,132.17993079584775,22.80597014925373,123.0,770.0,10.640138408304498,66.60899653979239,56.02094240837696,30.144915560605277
DJ Harris,4,111,99,11,5,3,112.12121212121212,37.0,57.0,0.0,57.57575757575758,0.0,66.66666666666666,41.48484848484849
DJ Hooda,96,1455,1114,94,61,76,130.61041292639138,19.144736842105264,160.0,323.0,14.362657091561939,28.994614003590662,50.99656357388316,25.005019843144666
DJ Hussey,56,1265,1004,86,58,45,125.99601593625498,28.11111111111111,134.0,254.0,13.346613545816732,25.298804780876495,54.70355731225296,35.4188800354139
DJ Jacobs,6,80,74,9,4,6,108.10810810810813,13.333333333333334,80.0,0.0,108.10810810810811,0.0,75.0,14.414414414414418
DJ Malan,1,26,25,1,1,1,104.0,26.0,1.0,0.0,4.0,0.0,38.46153846153847,27.04
DJ Mitchell,15,351,265,28,10,13,132.45283018867923,27.0,97.0,38.0,36.60377358490566,14.339622641509434,49.002849002849004,35.762264150943395
DJ Muthuswami,1,1,3,0,0,1,33.33333333333333,1.0,0.0,1.0,0.0,33.33333333333333,0.0,0.33333333333333326
DJ Thornely,4,39,49,2,2,3,79.59183673469387,13.0,4.0,0.0,8.16326530612245,0.0,51.28205128205128,10.346938775510203
DJ Willey,5,53,60,7,0,3,88.33333333333333,17.666666666666668,6.0,21.0,10.0,35.0,52.83018867924528,15.605555555555556
DJG Sammy,20,295,232,15,18,15,127.15517241379312,19.666666666666668,8.0,112.0,3.4482758620689653,48.275862068965516,56.949152542372886,25.00718390804598
DJM Short,7,115,98,11,5,7,117.3469387755102,16.428571428571427,50.0,0.0,51.02040816326531,0.0,64.34782608695652,19.278425655976672
DL Chahar,12,80,57,2,6,7,140.35087719298244,11.428571428571429,0.0,17.0,0.0,29.82456140350877,55.00000000000001,16.040100250626566
DL Vettori,16,121,103,11,2,7,117.4757281553398,17.285714285714285,0.0,61.0,0.0,59.22330097087378,46.28099173553719,20.30651872399445
DM Bravo,1,6,5,1,0,0,120.0,inf,0.0,6.0,0.0,120.0,66.66666666666666,inf
DNT Zoysa,2,11,7,1,0,1,157.14285714285714,11.0,0.0,10.0,0.0,142.85714285714286,36.36363636363637,17.285714285714285
DP Conway,22,923,635,100,30,20,145.35433070866142,46.15,392.0,64.0,61.732283464566926,10.078740157480315,62.8385698808234,67.08102362204724
DP Nannes,2,4,13,0,0,1,30.76923076923077,4.0,0.0,1.0,0.0,7.6923076923076925,0.0,1.2307692307692308
DP Vijaykumar,1,1,1,0,0,0,100.0,inf,0.0,1.0,0.0,100.0,0.0,inf
DPMD Jayawardene,61,1456,1131,156,35,49,128.73563218390805,29.714285714285715,434.0,277.0,38.37312113174182,24.49160035366932,57.280219780219774,38.252873563218394
DR Martyn,1,19,24,1,0,2,79.16666666666666,9.5,1.0,4.0,4.166666666666666,16.666666666666664,21.052631578947366,7.520833333333332
DR Sams,13,44,44,1,3,10,100.0,4.4,1.0,24.0,2.272727272727273,54.54545454545454,50.0,4.4
DR Shorey,2,13,17,0,1,2,76.47058823529412,6.5,0.0,0.0,0.0,0.0,46.15384615384615,4.970588235294118
DR Smith,87,2379,1705,244,117,80,139.5307917888563,29.7375,1209.0,115.0,70.9090909090909,6.744868035190615,70.5338377469525,41.49296920821114
DS Kulkarni,20,104,106,7,2,9,98.1132075471698,11.555555555555555,0.0,97.0,0.0,91.50943396226415,38.46153846153847,11.33752620545073
DS Lehmann,2,18,17,3,0,2,105.88235294117648,9.0,4.0,0.0,23.52941176470588,0.0,66.66666666666666,9.529411764705882
DT Christian,38,419,354,21,18,26,118.36158192090396,16.115384615384617,3.0,232.0,0.847457627118644,65.5367231638418,45.82338902147971,19.074424163407215
DT Patil,2,13,13,1,0,1,100.0,13.0,0.0,0.0,0.0,0.0,30.76923076923077,13.0
DW Steyn,31,152,150,12,3,21,101.33333333333334,7.238095238095238,0.0,143.0,0.0,95.33333333333334,43.42105263157895,7.334603174603176
Dhruv Jurel,22,347,228,29,16,13,152.19298245614036,26.692307692307693,0.0,211.0,0.0,92.54385964912281,61.09510086455331,40.62381916329285
E Lewis,26,654,469,62,36,24,139.4456289978678,27.25,420.0,24.0,89.55223880597015,5.11727078891258,70.9480122324159,37.998933901918974
EJG Morgan,71,1315,1037,102,62,59,126.80810028929604,22.28813559322034,161.0,389.0,15.525554484088715,37.51205400192864,59.31558935361216,28.26316133566513
ER Dwivedi,2,24,13,2,2,2,184.6153846153846,12.0,5.0,19.0,38.46153846153847,146.15384615384613,83.33333333333334,22.153846153846153
F Behardien,3,14,13,2,0,2,107.6923076923077,7.0,0.0,14.0,0.0,107.6923076923077,57.14285714285714,7.538461538461538
F du Plessis,136,4466,3220,413,162,123,138.69565217391303,36.3089430894309,2090.0,415.0,64.90683229813664,12.888198757763975,58.75503806538289,50.35892541534111
FA Allen,3,13,18,1,0,2,72.22222222222221,6.5,0.0,4.0,0.0,22.22222222222222,30.76923076923077,4.694444444444444
FH Edwards,2,4,5,0,0,1,80.0,4.0,0.0,4.0,0.0,80.0,0.0,3.2
FY Fazal,10,167,153,19,1,8,109.15032679738562,20.875,60.0,36.0,39.21568627450981,23.52941176470588,49.101796407185624,22.785130718954246
Fazalhaq Farooqi,2,3,13,0,0,0,23.07692307692308,inf,0.0,3.0,0.0,23.076923076923077,0.0,inf
G Coetzee,5,14,20,0,1,4,70.0,3.5,0.0,9.0,0.0,45.0,42.857142857142854,2.45
G Gambhir,144,4012,3172,471,56,128,126.48171500630517,31.34375,2156.0,169.0,67.96973518284993,5.327868852459016,55.33399800598205,39.64411254728877
GB Hogg,4,22,22,1,0,2,100.0,11.0,0.0,22.0,0.0,100.0,18.181818181818183,11.0
GC Smith,25,689,601,86,9,26,114.64226289517472,26.5,335.0,36.0,55.74043261231281,5.990016638935108,57.76487663280116,30.3801996672213
GC Viljoen,3,3,5,0,0,2,60.0,1.5,0.0,3.0,0.0,60.0,0.0,0.9
GD McGrath,2,4,5,1,0,1,80.0,4.0,0.0,0.0,0.0,0.0,100.0,3.2
GD Phillips,8,65,54,3,6,7,120.37037037037037,9.285714285714286,0.0,45.0,0.0,83.33333333333334,73.84615384615385,11.177248677248679
GH Vihari,21,269,296,22,1,18,90.87837837837836,14.944444444444445,58.0,47.0,19.594594594594593,15.878378378378377,34.94423791821561,13.581268768768766
GHS Garton,2,2,4,0,0,1,50.0,2.0,0.0,2.0,0.0,50.0,0.0,1.0
GJ Bailey,36,660,530,59,19,29,124.52830188679243,22.75862068965517,131.0,284.0,24.71698113207547,53.58490566037736,53.03030303030303,28.340923877683796
GJ Maxwell,127,2751,1705,230,159,111,161.34897360703812,24.783783783783782,433.0,424.0,25.395894428152495,24.868035190615835,68.12068338785896,39.98838075612269
GR Napier,1,15,16,1,0,1,93.75,15.0,0.0,0.0,0.0,0.0,26.666666666666668,14.0625
Gulbadin Naib,1,19,15,1,1,1,126.66666666666666,19.0,0.0,8.0,0.0,53.333333333333336,52.63157894736842,24.066666666666666
Gurkeerat Singh,32,511,411,55,11,27,124.330900243309,18.925925925925927,35.0,201.0,8.51581508515815,48.9051094890511,55.96868884540117,23.53077408308552
H Das,1,2,5,0,0,1,40.0,2.0,0.0,2.0,0.0,40.0,0.0,0.8
H Klaasen,32,987,580,56,64,26,170.17241379310343,37.96153846153846,61.0,305.0,10.517241379310345,52.58620689655172,61.60081053698075,64.60006631299734
HC Brook,11,186,152,22,4,9,122.36842105263158,20.666666666666668,96.0,29.0,63.1578947368421,19.078947368421055,60.215053763440864,25.289473684210524
HE van der Dussen,3,22,22,2,0,2,100.0,11.0,0.0,12.0,0.0,54.54545454545454,36.36363636363637,11.0
HF Gurney,1,1,5,0,0,0,20.0,inf,0.0,1.0,0.0,20.0,0.0,inf
HH Gibbs,36,886,781,83,31,32,113.44430217669654,27.6875,447.0,61.0,57.234314980793854,7.810499359795134,58.465011286681715,31.40989116517285
HH Pandya,128,2521,1707,188,137,88,147.68599882835383,28.647727272727277,168.0,1114.0,9.84182776801406,65.26069127123608,62.435541451804845,42.30868216435001
HM Amla,16,575,397,60,21,13,144.83627204030228,44.23076923076923,261.0,79.0,65.74307304785894,19.899244332493705,63.65217391304348,64.06219724859524
HR Shokeen,5,66,63,9,0,3,104.76190476190476,22.0,1.0,18.0,1.5873015873015872,28.57142857142857,54.54545454545454,23.047619047619047
HV Patel,37,249,200,16,15,25,124.5,9.96,0.0,163.0,0.0,81.5,61.84738955823293,12.400200000000002
Harbhajan Singh,84,795,562,74,41,52,141.4590747330961,15.288461538461538,62.0,544.0,11.032028469750891,96.79715302491103,68.17610062893081,21.62691623323296
Harmeet Singh,4,18,12,3,0,2,150.0,9.0,0.0,18.0,0.0,150.0,66.66666666666666,13.5
Harpreet Brar,24,233,182,19,9,12,128.021978021978,19.416666666666668,0.0,174.0,0.0,95.6043956043956,55.793991416309005,24.857600732600726
Harpreet Singh,5,99,89,9,3,4,111.23595505617978,24.75,30.0,15.0,33.70786516853933,16.853932584269664,54.54545454545454,27.530898876404493
Harshit Rana,3,2,3,0,0,2,66.66666666666666,1.0,0.0,0.0,0.0,0.0,0.0,0.6666666666666665
I Malhotra,1,7,4,1,0,0,175.0,inf,0.0,7.0,0.0,175.0,57.14285714285714,inf
I Sharma,21,57,67,4,2,7,85.07462686567165,8.142857142857142,0.0,44.0,0.0,65.67164179104478,49.122807017543856,6.927505330490406
I Udana,4,15,11,1,1,3,136.36363636363637,5.0,0.0,15.0,0.0,136.36363636363635,66.66666666666666,6.818181818181818
IK Pathan,76,1074,849,83,36,49,126.50176678445231,21.918367346938776,92.0,537.0,10.836277974087162,63.25088339222616,51.02420856610801,27.727121944184038
IR Jaggi,6,66,88,6,0,5,75.0,13.2,25.0,2.0,28.40909090909091,2.272727272727273,36.36363636363637,9.9
IS Sodhi,2,7,17,0,0,2,41.17647058823529,3.5,0.0,2.0,0.0,11.76470588235294,0.0,1.441176470588235
Imran Tahir,8,33,36,5,0,4,91.66666666666666,8.25,0.0,29.0,0.0,80.55555555555556,60.60606060606061,7.562499999999999
Iqbal Abdulla,11,75,68,8,1,1,110.29411764705884,75.0,0.0,47.0,0.0,69.11764705882352,50.66666666666667,82.72058823529413
Ishan Kishan,99,2635,1914,254,119,91,137.6698014629049,28.95604395604396,1247.0,177.0,65.15151515151516,9.247648902821316,65.65464895635674,39.863728225797196
J Arunkumar,3,23,22,5,0,3,104.54545454545456,7.666666666666667,23.0,0.0,104.54545454545455,0.0,86.95652173913044,8.015151515151516
J Botha,25,375,324,34,5,21,115.74074074074076,17.857142857142858,43.0,128.0,13.271604938271606,39.50617283950617,44.266666666666666,20.667989417989425
J Fraser-McGurk,9,324,136,32,27,8,238.23529411764704,40.5,260.0,0.0,191.1764705882353,0.0,89.50617283950618,96.48529411764704
J Suchith,8,70,57,6,3,4,122.80701754385966,17.5,0.0,46.0,0.0,80.7017543859649,60.0,21.49122807017544
J Syed Mohammad,5,29,26,4,0,2,111.53846153846156,14.5,0.0,20.0,0.0,76.92307692307693,55.172413793103445,16.173076923076927
J Theron,4,10,12,1,0,2,83.33333333333334,5.0,0.0,10.0,0.0,83.33333333333334,40.0,4.166666666666668
J Yadav,4,40,36,2,1,2,111.11111111111111,20.0,0.0,25.0,0.0,69.44444444444444,35.0,22.22222222222222
JA Morkel,62,929,637,59,52,38,145.83987441130296,24.44736842105263,18.0,527.0,2.8257456828885403,82.73155416012558,58.988159311087195,35.654011402131694
JA Richardson,3,17,26,2,0,3,65.38461538461539,5.666666666666667,0.0,2.0,0.0,7.6923076923076925,47.05882352941176,3.7051282051282057
JC Archer,23,186,123,11,12,13,151.21951219512195,14.307692307692308,0.0,162.0,0.0,131.70731707317074,62.365591397849464,21.636022514071296
JC Buttler,106,3559,2373,354,159,94,149.9789296249473,37.861702127659576,1608.0,403.0,67.76232616940582,16.982722292456806,66.59173925259904,56.78457558884974
JD Ryder,5,56,48,9,0,5,116.66666666666669,11.2,53.0,0.0,110.41666666666667,0.0,64.28571428571429,13.066666666666668
JD Unadkat,27,197,161,16,7,14,122.36024844720497,14.071428571428571,0.0,148.0,0.0,91.92546583850931,53.80710659898477,17.217834960070984
JDP Oram,10,106,103,6,5,7,102.9126213592233,15.142857142857142,0.0,50.0,0.0,48.54368932038835,50.943396226415096,15.58391123439667
JDS Neesham,10,92,92,6,2,8,100.0,11.5,0.0,32.0,0.0,34.78260869565217,39.130434782608695,11.5
JE Root,1,10,15,1,0,1,66.66666666666666,10.0,10.0,0.0,66.66666666666666,0.0,40.0,6.666666666666665
JEC Franklin,13,264,224,20,7,8,117.85714285714286,33.0,40.0,77.0,17.857142857142858,34.375,46.21212121212121,38.89285714285714
JH Kallis,89,2352,2099,248,44,83,112.0533587422582,28.33734939759036,990.0,303.0,47.16531681753216,14.435445450214388,53.40136054421769,31.752951778529066
JJ Bumrah,25,68,76,5,1,7,89.47368421052632,9.714285714285714,0.0,62.0,0.0,81.57894736842105,38.23529411764706,8.69172932330827
JJ Roy,21,614,433,75,21,18,141.8013856812933,34.111111111111114,380.0,34.0,87.75981524249423,7.852193995381063,69.38110749185668,48.37002822684117
JJ van der Wath,3,18,16,1,1,2,112.5,9.0,0.0,14.0,0.0,87.5,55.55555555555556,10.125
JL Denly,1,0,1,0,0,1,0.0,0.0,0.0,0.0,0.0,0.0,,0.0
JL Pattinson,2,15,13,2,0,1,115.38461538461536,15.0,0.0,15.0,0.0,115.38461538461537,53.333333333333336,17.307692307692307
JM Bairstow,50,1587,1079,166,69,48,147.08063021316033,33.0625,864.0,45.0,80.07414272474513,4.170528266913809,67.9269061121613,48.62853336422613
JM Kemp,2,26,24,1,1,2,108.33333333333331,13.0,2.0,3.0,8.333333333333332,12.5,38.46153846153847,14.08333333333333
JM Sharma,36,723,476,53,44,32,151.890756302521,22.59375,11.0,192.0,2.3109243697478994,40.33613445378151,65.83679114799446,34.31781775210084
JO Holder,27,259,206,13,18,21,125.72815533980584,12.333333333333334,12.0,151.0,5.825242718446602,73.30097087378641,61.77606177606177,15.506472491909387
JP Behrendorff,2,6,9,0,0,0,66.66666666666666,inf,0.0,6.0,0.0,66.66666666666666,0.0,inf
JP Duminy,71,1943,1513,125,77,47,128.42035690680763,41.340425531914896,235.0,675.0,15.53205551883675,44.61335095836087,49.51106536284097,53.08952201487813
JP Faulkner,42,499,359,35,22,27,138.9972144846797,18.48148148148148,14.0,361.0,3.8997214484679668,100.55710306406684,54.50901803607214,25.68874445476117
JPR Scantlebury-Searles,2,8,6,0,1,1,133.33333333333331,8.0,0.0,8.0,0.0,133.33333333333331,75.0,10.666666666666664
JR Hazlewood,6,19,28,1,0,0,67.85714285714286,inf,0.0,16.0,0.0,57.14285714285714,21.052631578947366,inf
JR Hopes,18,404,300,48,10,17,134.66666666666666,23.764705882352946,167.0,40.0,55.666666666666664,13.333333333333334,62.37623762376238,32.003137254901965
JR Philippe,5,78,76,9,1,4,102.63157894736842,19.5,51.0,1.0,67.10526315789474,1.3157894736842104,53.84615384615385,20.013157894736842
Jaskaran Singh,4,8,11,0,0,2,72.72727272727273,4.0,0.0,7.0,0.0,63.63636363636363,0.0,2.909090909090909
Joginder Sharma,5,36,30,1,2,4,120.0,9.0,0.0,29.0,0.0,96.66666666666667,44.44444444444444,10.8
K Goel,16,218,223,17,9,13,97.75784753363229,16.76923076923077,160.0,24.0,71.74887892376681,10.762331838565023,55.96330275229357,16.393239047947567
K Gowtham,26,247,145,15,17,18,170.34482758620692,13.72222222222222,8.0,152.0,5.517241379310345,104.82758620689656,65.58704453441295,23.375095785440614
K Kartikeya,2,9,11,1,0,2,81.81818181818183,4.5,0.0,8.0,0.0,72.72727272727273,44.44444444444444,3.6818181818181825
K Rabada,27,206,188,16,8,16,109.57446808510636,12.875,1.0,145.0,0.5319148936170213,77.12765957446808,54.36893203883495,14.107712765957444
K Yadav,1,0,4,0,0,0,0.0,0.0,0.0,0.0,0.0,0.0,,0.0
KA Jamieson,7,65,51,5,3,3,127.45098039215684,21.666666666666668,0.0,45.0,0.0,88.23529411764706,58.46153846153847,27.614379084967318
KA Maharaj,1,1,2,0,0,1,50.0,1.0,0.0,1.0,0.0,50.0,0.0,0.5
KA Pollard,165,3357,2217,217,218,126,151.42083897158324,26.642857142857142,53.0,1638.0,2.390617952187641,73.88362652232748,64.81977956508787,40.34283781171467
KAJ Roach,1,10,9,1,0,1,111.11111111111111,10.0,0.0,1.0,0.0,11.11111111111111,40.0,11.11111111111111
KB Arun Karthik,8,51,46,4,1,5,110.86956521739133,10.2,0.0,25.0,0.0,54.347826086956516,43.13725490196079,11.308695652173915
KC Cariappa,5,24,21,0,2,3,114.28571428571428,8.0,0.0,12.0,0.0,57.14285714285714,50.0,9.142857142857142
KC Sangakkara,62,1475,1201,169,24,63,122.81432139883432,23.41269841269841,507.0,115.0,42.214820982514574,9.575353871773522,55.59322033898305,28.75414667671121
KD Karthik,226,4617,3330,442,153,179,138.64864864864865,25.793296089385475,363.0,1542.0,10.9009009009009,46.306306306306304,58.17630495993069,35.7620564698777
KH Pandya,106,1643,1209,143,61,74,135.8974358974359,22.2027027027027,74.0,529.0,6.120760959470637,43.75516956162117,57.09068776628119,30.172903672903676
KJ Abbott,3,13,8,0,1,1,162.5,13.0,0.0,13.0,0.0,162.5,46.15384615384615,21.125
KK Ahmed,5,1,7,0,0,5,14.285714285714285,0.2,0.0,1.0,0.0,14.285714285714285,0.0,0.02857142857142857
KK Cooper,12,115,66,9,8,9,174.24242424242425,12.77777777777778,7.0,66.0,10.606060606060606,100.0,73.04347826086956,22.26430976430977
KK Nair,68,1491,1148,160,39,65,129.8780487804878,22.93846153846154,500.0,211.0,43.55400696864111,18.37979094076655,58.61837692823608,29.79202626641651
KL Nagarkoti,7,22,33,1,0,4,66.66666666666666,5.5,0.0,15.0,0.0,45.45454545454545,18.181818181818183,3.666666666666666
KL Rahul,122,4680,3428,400,186,106,136.52275379229872,44.15094339622642,2010.0,585.0,58.63477246207701,17.06534422403734,58.03418803418804,60.276083749807356
KM Asif,1,0,2,0,0,1,0.0,0.0,0.0,0.0,0.0,0.0,,0.0
KM Jadhav,76,1148,911,99,38,50,126.01536772777168,22.96,67.0,427.0,7.354555433589462,46.8715697036224,54.35540069686411,28.933128430296378
KMA Paul,5,18,22,1,1,4,81.81818181818183,4.5,0.0,18.0,0.0,81.81818181818183,55.55555555555556,3.6818181818181825
KMDN Kulasekara,1,5,2,1,0,0,250.0,inf,0.0,5.0,0.0,250.0,80.0,inf
KP Appanna,2,2,3,0,0,1,66.66666666666666,2.0,0.0,2.0,0.0,66.66666666666666,0.0,1.333333333333333
KP Pietersen,34,941,680,89,35,26,138.38235294117646,36.19230769230769,355.0,110.0,52.20588235294118,16.176470588235293,60.148777895855474,50.08376696832579
KR Mayers,13,373,253,38,21,13,147.4308300395257,28.692307692307693,276.0,0.0,109.09090909090908,0.0,74.53083109919572,42.301307388263915
KR Sen,1,0,3,0,0,0,0.0,0.0,0.0,0.0,0.0,0.0,,0.0
KS Bharat,8,198,158,12,8,7,125.31645569620254,28.285714285714285,64.0,26.0,40.50632911392405,16.455696202531644,48.484848484848484,35.44665461121158
KS Sharma,3,16,25,1,0,3,64.0,5.333333333333333,10.0,0.0,40.0,0.0,25.0,3.413333333333333
KS Williamson,76,2128,1667,187,64,59,127.65446910617877,36.067796610169495,483.0,336.0,28.974205158968207,20.155968806238754,53.19548872180451,46.04215428100821
KV Sharma,38,344,269,20,17,24,127.8810408921933,14.333333333333334,6.0,227.0,2.2304832713754648,84.38661710037175,52.90697674418605,18.329615861214375
KW Richardson,2,2,3,0,0,1,66.66666666666666,2.0,0.0,2.0,0.0,66.66666666666666,0.0,1.333333333333333
Kamran Akmal,6,124,75,12,8,4,165.33333333333334,31.0,47.0,20.0,62.66666666666667,26.666666666666668,77.41935483870968,51.25333333333334
Kamran Khan,1,3,5,0,0,1,60.0,3.0,0.0,0.0,0.0,0.0,0.0,1.8
Karanveer Singh,4,12,17,1,0,1,70.58823529411765,12.0,0.0,8.0,0.0,47.05882352941176,33.33333333333333,8.470588235294118
Kartik Tyagi,6,13,15,1,0,4,86.66666666666667,3.25,0.0,13.0,0.0,86.66666666666667,30.76923076923077,2.816666666666667
Kuldeep Yadav,32,183,212,16,3,10,86.32075471698113,18.3,0.0,146.0,0.0,68.86792452830188,44.80874316939891,15.796698113207547
Kumar Kushagra,3,3,7,0,0,3,42.85714285714285,1.0,2.0,0.0,28.57142857142857,0.0,0.0,0.4285714285714285
L Ablish,1,0,2,0,0,0,0.0,0.0,0.0,0.0,0.0,0.0,,0.0
L Balaji,12,35,45,2,1,7,77.77777777777779,5.0,0.0,31.0,0.0,68.88888888888889,40.0,3.8888888888888893
L Ronchi,5,34,34,6,1,3,100.0,11.333333333333334,34.0,0.0,100.0,0.0,88.23529411764706,11.333333333333336
L Wood,1,9,3,0,1,0,300.0,inf,0.0,9.0,0.0,300.0,66.66666666666666,inf
LA Carseldine,5,80,65,11,0,3,123.07692307692308,26.666666666666668,38.0,17.0,58.46153846153847,26.153846153846157,55.00000000000001,32.820512820512825
LA Pomersbach,16,301,233,25,13,11,129.18454935622316,27.363636363636363,103.0,59.0,44.20600858369099,25.321888412017167,59.136212624584715,35.349590323839244
LB Williams,1,1,2,0,0,0,50.0,inf,0.0,1.0,0.0,50.0,0.0,inf
LE Plunkett,2,1,3,0,0,1,33.33333333333333,1.0,0.0,1.0,0.0,33.33333333333333,0.0,0.33333333333333326
LH Ferguson,7,64,44,5,2,4,145.45454545454547,16.0,0.0,61.0,0.0,138.63636363636365,50.0,23.272727272727273
LMP Simmons,29,1079,835,109,44,27,129.22155688622755,39.96296296296296,542.0,32.0,64.91017964071857,3.8323353293413174,64.87488415199259,51.64076291860724
LPC Silva,3,40,24,5,1,2,166.66666666666669,20.0,9.0,23.0,37.5,95.83333333333334,65.0,33.33333333333334
LR Shukla,32,405,335,33,16,28,120.89552238805967,14.464285714285714,2.0,189.0,0.5970149253731344,56.4179104477612,56.2962962962963,17.486673773987203
LRPL Taylor,45,877,660,59,42,35,132.87878787878788,25.057142857142857,150.0,198.0,22.727272727272727,30.0,55.644241733181296,33.2956277056277
LS Livingstone,39,923,559,64,65,32,165.11627906976744,28.84375,159.0,193.0,28.44364937388193,34.52593917710197,69.98916576381366,47.625726744186046
Lalit Yadav,21,294,277,26,6,15,106.13718411552348,19.6,25.0,75.0,9.025270758122744,27.075812274368232,47.61904761904761,20.802888086642607
Liton Das,1,4,4,1,0,1,100.0,4.0,4.0,0.0,100.0,0.0,100.0,4.0
M Ashwin,12,35,50,2,1,8,70.0,4.375,0.0,28.0,0.0,56.00000000000001,40.0,3.0625
M Jansen,12,66,62,5,2,8,106.4516129032258,8.25,0.0,32.0,0.0,51.61290322580645,48.484848484848484,8.782258064516128
M Kaif,21,251,239,21,6,16,105.02092050209204,15.6875,22.0,28.0,9.205020920502092,11.715481171548117,47.808764940239044,16.47515690376569
M Kartik,9,75,71,5,0,5,105.6338028169014,15.0,0.0,43.0,0.0,60.56338028169014,26.666666666666668,15.845070422535208
M Manhas,19,267,229,24,2,10,116.5938864628821,26.7,11.0,117.0,4.8034934497816595,51.09170305676856,40.44943820224719,31.13056768558952
M Markande,10,48,38,5,1,3,126.3157894736842,16.0,0.0,45.0,0.0,118.42105263157893,54.166666666666664,20.210526315789473
M Morkel,18,121,87,10,5,10,139.08045977011494,12.1,0.0,111.0,0.0,127.58620689655173,57.85123966942148,16.828735632183907
M Muralitharan,8,15,22,1,0,6,68.18181818181817,2.5,0.0,15.0,0.0,68.18181818181817,26.666666666666668,1.7045454545454544
M Ntini,2,11,18,2,0,1,61.11111111111112,11.0,0.0,11.0,0.0,61.111111111111114,72.72727272727273,6.722222222222223
M Prasidh Krishna,7,9,24,0,0,2,37.5,4.5,0.0,9.0,0.0,37.5,0.0,1.6875
M Rawat,10,50,55,4,1,4,90.9090909090909,12.5,0.0,32.0,0.0,58.18181818181818,44.0,11.363636363636363
M Shahrukh Khan,37,553,385,35,37,24,143.63636363636363,23.041666666666668,23.0,259.0,5.974025974025974,67.27272727272727,65.46112115732369,33.09621212121212
M Theekshana,2,7,6,0,1,1,116.66666666666669,7.0,0.0,7.0,0.0,116.66666666666667,85.71428571428571,8.166666666666668
M Vijay,99,2481,1992,233,88,90,124.54819277108432,27.566666666666663,1470.0,74.0,73.79518072289156,3.7148594377510036,58.8472390165256,34.33378514056224
M Vohra,49,1018,774,94,43,47,131.52454780361757,21.659574468085108,647.0,36.0,83.59173126614988,4.651162790697675,62.27897838899804,28.487657375336745
M de Lange,1,1,2,0,0,1,50.0,1.0,0.0,1.0,0.0,50.0,0.0,0.5
MA Agarwal,119,2611,1930,260,95,113,135.28497409326425,23.10619469026549,1348.0,188.0,69.84455958549222,9.740932642487046,61.66219839142091,31.25920950066487
MA Khote,3,24,19,2,1,2,126.3157894736842,12.0,0.0,12.0,0.0,63.1578947368421,58.333333333333336,15.157894736842104
MA Starc,16,105,104,11,0,8,100.96153846153844,13.125,0.0,62.0,0.0,59.61538461538461,41.904761904761905,13.25120192307692
MA Wood,3,12,8,1,1,2,150.0,6.0,0.0,11.0,0.0,137.5,83.33333333333334,9.0
MC Henriques,53,969,759,82,27,38,127.66798418972331,25.5,157.0,264.0,20.685111989459813,34.78260869565217,50.56759545923632,32.555335968379445
MC Juneja,7,125,125,11,1,7,100.0,17.857142857142858,20.0,5.0,16.0,4.0,40.0,17.857142857142858
MD Mishra,11,164,139,18,6,10,117.98561151079136,16.4,107.0,0.0,76.97841726618705,0.0,65.85365853658537,19.34964028776978
MD Shanaka,3,26,26,2,1,2,100.0,13.0,0.0,9.0,0.0,34.61538461538461,53.84615384615385,13.0
MDKJ Perera,1,14,11,3,0,1,127.27272727272728,14.0,14.0,0.0,127.27272727272727,0.0,85.71428571428571,17.81818181818182
MEK Hussey,53,1861,1456,186,51,47,127.81593406593406,39.59574468085106,777.0,159.0,53.36538461538461,10.92032967032967,56.42127888232133,50.609670914192186
MF Maharoof,14,177,120,12,9,10,147.5,17.7,0.0,127.0,0.0,105.83333333333333,57.6271186440678,26.1075
MG Bracewell,4,58,44,6,1,2,131.8181818181818,29.0,2.0,11.0,4.545454545454546,25.0,51.724137931034484,38.22727272727273
MG Johnson,28,166,156,10,7,14,106.4102564102564,11.857142857142858,0.0,148.0,0.0,94.87179487179486,49.39759036144578,12.617216117216117
MJ Guptill,13,265,195,24,14,12,135.8974358974359,22.08333333333333,213.0,0.0,109.23076923076923,0.0,67.9245283018868,30.010683760683754
MJ Lumb,12,278,185,45,6,10,150.27027027027026,27.8,225.0,0.0,121.62162162162163,0.0,77.6978417266187,41.77513513513513
MJ McClenaghan,19,84,67,5,7,11,125.37313432835822,7.636363636363637,0.0,54.0,0.0,80.59701492537313,73.80952380952381,9.573948439620082
MJ Santner,11,69,68,4,3,6,101.47058823529412,11.5,20.0,22.0,29.411764705882355,32.35294117647059,49.275362318840585,11.669117647058824
MJ Suthar,1,1,2,0,0,1,50.0,1.0,0.0,1.0,0.0,50.0,0.0,0.5
MK Lomror,35,526,358,33,30,29,146.92737430167597,18.13793103448276,31.0,151.0,8.659217877094973,42.17877094972067,59.31558935361216,26.649585821614338
MK Pandey,132,3320,2676,283,95,109,124.06576980568012,30.45871559633028,934.0,419.0,34.902840059790734,15.657698056801195,51.265060240963855,37.78883997750991
MK Tiwary,76,1585,1315,149,37,56,120.532319391635,28.303571428571427,192.0,466.0,14.600760456273765,35.437262357414454,51.608832807570984,34.114951113525265
ML Hayden,32,1096,775,119,44,27,141.4193548387097,40.5925925925926,593.0,62.0,76.51612903225806,8.0,67.51824817518248,57.40578255675032
MM Ali,57,1160,801,95,67,48,144.81897627965043,24.166666666666668,229.0,201.0,28.58926342072409,25.0936329588015,67.41379310344827,34.99791926758219
MM Patel,11,38,38,5,0,5,100.0,7.6,0.0,38.0,0.0,100.0,52.63157894736842,7.6
MM Sharma,27,124,129,9,4,16,96.12403100775194,7.75,0.0,73.0,0.0,56.58914728682171,48.38709677419355,7.449612403100775
MN Samuels,4,29,31,1,2,3,93.5483870967742,9.666666666666666,0.0,0.0,0.0,0.0,55.172413793103445,9.043010752688172
MN van Wyk,5,163,127,18,1,3,128.3464566929134,54.333333333333336,28.0,54.0,22.04724409448819,42.51968503937008,47.85276073619632,69.73490813648294
MP Stoinis,88,1856,1289,148,91,66,143.9875872769589,28.12121212121212,281.0,614.0,21.799844840961985,47.63382467028705,61.314655172413794,40.491054846369046
MR Marsh,25,475,358,40,25,23,132.68156424581005,20.65217391304348,223.0,44.0,62.290502793296085,12.290502793296088,65.26315789473685,27.40162739859121
MS Bisla,36,765,646,88,23,34,118.42105263157892,22.5,445.0,40.0,68.88544891640866,6.191950464396285,64.05228758169935,26.644736842105257
MS Dhoni,221,5056,3608,351,243,145,140.1330376940133,34.86896551724138,59.0,2672.0,1.6352549889135255,74.05764966740577,56.60601265822785,48.86294059178836
MS Gony,14,99,69,6,8,9,143.47826086956522,11.0,0.0,79.0,0.0,114.4927536231884,72.72727272727273,15.782608695652176
MS Wade,12,169,149,23,2,11,113.42281879194633,15.363636363636363,111.0,0.0,74.49664429530202,0.0,61.53846153846154,17.425869432580843
MV Boucher,22,382,295,32,12,14,129.4915254237288,27.285714285714285,22.0,167.0,7.457627118644068,56.61016949152542,52.35602094240838,35.33268765133172
MW Short,6,117,90,15,4,6,130.0,19.5,107.0,0.0,118.88888888888889,0.0,71.7948717948718,25.35
Mandeep Singh,91,1543,1224,160,38,79,126.06209150326796,19.53164556962025,580.0,297.0,47.385620915032675,24.264705882352942,56.25405055087492,24.622000910068664
Mashrafe Mortaza,1,2,2,0,0,0,100.0,inf,0.0,2.0,0.0,100.0,0.0,inf
Mayank Dagar,1,0,1,0,0,0,0.0,0.0,0.0,0.0,0.0,0.0,,0.0
Misbah-ul-Haq,8,117,79,10,6,9,148.1012658227848,13.0,27.0,40.0,34.177215189873415,50.63291139240506,64.95726495726495,19.253164556962023
Mohammad Ashraful,1,2,9,0,0,1,22.22222222222222,2.0,2.0,0.0,22.22222222222222,0.0,0.0,0.4444444444444444
Mohammad Asif,2,3,6,0,0,2,50.0,1.5,0.0,0.0,0.0,0.0,0.0,0.75
Mohammad Hafeez,8,64,79,7,2,8,81.0126582278481,8.0,28.0,5.0,35.44303797468354,6.329113924050633,62.5,6.481012658227849
Mohammad Nabi,19,215,145,18,11,17,148.27586206896552,12.647058823529411,26.0,103.0,17.93103448275862,71.03448275862068,64.18604651162791,18.752535496957403
Mohammed Shami,21,74,77,6,2,13,96.1038961038961,5.6923076923076925,0.0,58.0,0.0,75.32467532467533,48.64864864864865,5.4705294705294705
Mohammed Siraj,19,109,114,10,4,9,95.6140350877193,12.11111111111111,0.0,100.0,0.0,87.71929824561403,58.71559633027523,11.579922027290449
Mohit Rathee,1,1,2,0,0,0,50.0,inf,0.0,1.0,0.0,50.0,0.0,inf
Mohsin Khan,5,25,24,2,1,2,104.16666666666669,12.5,0.0,24.0,0.0,100.0,56.00000000000001,13.020833333333336
Mujeeb Ur Rahman,5,12,13,2,0,3,92.3076923076923,4.0,0.0,11.0,0.0,84.61538461538461,66.66666666666666,3.692307692307692
Mukesh Choudhary,2,6,6,1,0,0,100.0,inf,0.0,2.0,0.0,33.33333333333333,66.66666666666666,inf
Mukesh Kumar,5,10,18,0,0,1,55.55555555555556,10.0,0.0,9.0,0.0,50.0,0.0,5.555555555555555
Mustafizur Rahman,6,13,23,0,1,1,56.52173913043478,13.0,0.0,13.0,0.0,56.52173913043478,46.15384615384615,7.3478260869565215
N Jagadeesan,10,162,146,21,2,9,110.95890410958904,18.0,64.0,9.0,43.83561643835616,6.164383561643835,59.25925925925925,19.972602739726028
N Pooran,72,1769,1074,113,127,56,164.7113594040968,31.589285714285715,73.0,537.0,6.7970204841713215,50.0,68.6263425664217,52.03114192604416
N Rana,101,2621,1914,232,131,94,136.9383490073145,27.882978723404257,645.0,273.0,33.69905956112852,14.263322884012538,65.3948874475391,38.182490717890566
N Saini,10,140,138,16,0,11,101.44927536231884,12.727272727272728,80.0,6.0,57.971014492753625,4.3478260869565215,45.714285714285715,12.911725955204217
N Wadhera,16,350,246,32,18,15,142.27642276422765,23.33333333333333,21.0,59.0,8.536585365853659,23.983739837398375,67.42857142857143,33.197831978319776
NJ Maddinson,3,20,21,4,0,3,95.23809523809524,6.666666666666667,20.0,0.0,95.23809523809523,0.0,80.0,6.34920634920635
NK Patel,6,121,117,14,1,5,103.41880341880344,24.2,45.0,31.0,38.46153846153847,26.495726495726498,51.2396694214876,25.02735042735043
NLTC Perera,25,366,245,16,25,19,149.3877551020408,19.26315789473684,5.0,196.0,2.0408163265306123,80.0,58.46994535519126,28.77679914070891
NM Coulter-Nile,16,82,71,7,4,10,115.49295774647888,8.2,0.0,68.0,0.0,95.77464788732394,63.41463414634146,9.470422535211268
NS Naik,4,31,49,2,0,4,63.26530612244898,7.75,7.0,11.0,14.285714285714285,22.448979591836736,25.806451612903224,4.903061224489797
NT Ellis,5,19,25,0,1,4,76.0,4.75,0.0,18.0,0.0,72.0,31.57894736842105,3.61
NV Ojha,89,1500,1239,118,75,70,121.06537530266344,21.428571428571427,473.0,296.0,38.17594834543987,23.890234059725586,61.46666666666667,25.942580421999306
Naman Dhir,7,140,76,12,10,6,184.21052631578948,23.33333333333333,38.0,49.0,50.0,64.47368421052632,77.14285714285715,42.98245614035087
Navdeep Saini,6,33,36,3,0,4,91.66666666666666,8.25,0.0,27.0,0.0,75.0,36.36363636363637,7.562499999999999
Naveen-ul-Haq,4,18,21,2,0,2,85.71428571428571,9.0,0.0,16.0,0.0,76.19047619047619,44.44444444444444,7.7142857142857135
Nithish Kumar Reddy,11,303,211,15,21,9,143.60189573459715,33.666666666666664,37.0,37.0,17.535545023696685,17.535545023696685,61.386138613861384,48.34597156398104
Noor Ahmad,5,13,18,2,0,4,72.22222222222221,3.25,0.0,11.0,0.0,61.111111111111114,61.53846153846154,2.347222222222222
OA Shah,19,475,355,33,21,12,133.80281690140845,39.583333333333336,23.0,182.0,6.478873239436619,51.267605633802816,54.315789473684205,52.963615023474176
OC McCoy,1,8,5,0,1,0,160.0,inf,0.0,8.0,0.0,160.0,75.0,inf
OF Smith,6,51,44,1,5,3,115.90909090909092,17.0,0.0,46.0,0.0,104.54545454545455,66.66666666666666,19.704545454545457
P Awana,5,5,14,0,0,3,35.714285714285715,1.6666666666666667,0.0,5.0,0.0,35.714285714285715,0.0,0.5952380952380952
P Chopra,1,8,6,2,0,1,133.33333333333331,8.0,0.0,0.0,0.0,0.0,100.0,10.666666666666664
P Dogra,12,127,137,4,5,12,92.7007299270073,10.583333333333334,0.0,50.0,0.0,36.496350364963504,36.22047244094488,9.810827250608273
P Dubey,2,23,32,2,0,1,71.875,23.0,0.0,7.0,0.0,21.875,34.78260869565217,16.53125
P Kumar,54,331,293,22,17,33,112.96928327645053,10.030303030303031,6.0,262.0,2.04778156996587,89.419795221843,57.40181268882175,11.331161443789433
P Negi,34,356,272,26,16,26,130.88235294117646,13.692307692307692,4.0,226.0,1.4705882352941175,83.08823529411765,56.17977528089888,17.920814479638008
P Parameswaran,1,0,1,0,0,0,0.0,0.0,0.0,0.0,0.0,0.0,,0.0
P Ray Barman,1,19,24,2,0,1,79.16666666666666,19.0,0.0,0.0,0.0,0.0,42.10526315789473,15.041666666666664
P Sahu,2,19,13,1,1,0,146.15384615384613,inf,0.0,19.0,0.0,146.15384615384613,52.63157894736842,inf
P Simran Singh,34,750,508,78,40,35,147.63779527559055,21.428571428571427,493.0,43.0,97.04724409448819,8.46456692913386,73.6,31.636670416197973
PA Patel,119,2584,2062,331,46,113,125.3152279340446,22.86725663716814,1761.0,62.0,85.40252182347236,3.0067895247332688,61.91950464396285,28.656154777130197
PA Reddy,9,137,130,13,2,9,105.3846153846154,15.22222222222222,91.0,6.0,70.0,4.615384615384616,46.715328467153284,16.041880341880344
PBB Rajapaksa,13,276,184,22,15,12,150.0,23.0,77.0,2.0,41.84782608695652,1.0869565217391304,64.4927536231884,34.5
PC Valthaty,18,452,365,54,18,17,123.83561643835615,26.58823529411765,259.0,27.0,70.95890410958904,7.397260273972603,71.68141592920354,32.92570507655117
PD Collingwood,7,203,153,9,13,4,132.6797385620915,50.75,26.0,66.0,16.99346405228758,43.13725490196079,56.15763546798029,67.33496732026144
PD Salt,21,652,360,74,34,20,181.11111111111111,32.6,404.0,24.0,112.22222222222223,6.666666666666667,76.68711656441718,59.04222222222223
PJ Cummins,39,510,333,33,34,29,153.15315315315314,17.586206896551722,0.0,279.0,0.0,83.78378378378379,65.88235294117646,26.93383038210624
PJ Sangwan,14,26,43,1,0,8,60.46511627906976,3.25,0.0,22.0,0.0,51.162790697674424,15.384615384615385,1.9651162790697672
PK Garg,19,269,235,15,9,18,114.46808510638296,14.944444444444445,51.0,51.0,21.70212765957447,21.70212765957447,42.37918215613383,17.10661938534279
PM Sarvesh Kumar,1,1,2,0,0,0,50.0,inf,0.0,1.0,0.0,50.0,0.0,inf
PN Mankad,5,97,71,13,2,3,136.61971830985914,32.333333333333336,45.0,14.0,63.38028169014085,19.718309859154928,65.97938144329896,44.17370892018779
PP Chawla,83,571,482,51,19,55,118.46473029045644,10.38181818181818,15.0,389.0,3.112033195020747,80.70539419087137,55.69176882661997,12.298792908336475
PP Ojha,17,15,38,0,0,10,39.47368421052632,1.5,0.0,15.0,0.0,39.473684210526315,0.0,0.5921052631578948
PP Shaw,79,1890,1267,238,61,77,149.17127071823205,24.545454545454547,1345.0,18.0,106.15627466456196,1.420678768745067,69.73544973544973,36.61476644902059
PR Shah,8,86,80,8,2,7,107.5,12.285714285714286,30.0,18.0,37.5,22.5,51.162790697674424,13.207142857142857
PSP Handscomb,1,6,12,0,0,1,50.0,6.0,0.0,0.0,0.0,0.0,0.0,3.0
PV Tambe,6,18,37,1,0,1,48.64864864864865,18.0,0.0,12.0,0.0,32.432432432432435,22.22222222222222,8.756756756756758
PVD Chameera,6,43,27,3,3,3,159.25925925925927,14.333333333333334,0.0,39.0,0.0,144.44444444444443,69.76744186046511,22.827160493827165
PWH de Silva,14,72,73,7,1,10,98.63013698630137,7.2,0.0,42.0,0.0,57.534246575342465,47.22222222222222,7.101369863013698
Pankaj Singh,5,7,12,0,0,2,58.333333333333336,3.5,0.0,7.0,0.0,58.333333333333336,0.0,2.041666666666667
Parvez Rasool,2,12,11,1,0,1,109.09090909090908,12.0,0.0,12.0,0.0,109.09090909090908,33.33333333333333,13.09090909090909
Q de Kock,106,3150,2301,316,122,100,136.89700130378097,31.5,1839.0,115.0,79.92177314211213,4.997827031725337,63.36507936507937,43.122555410691
R Ashwin,87,788,655,59,28,58,120.3053435114504,13.586206896551724,58.0,409.0,8.854961832061068,62.44274809160305,51.26903553299492,16.344932877072917
R Bhatia,41,307,251,21,12,27,122.31075697211156,11.37037037037037,0.0,194.0,0.0,77.29083665338645,50.814332247557005,13.907186070532685
R Bishnoi,3,19,17,1,2,3,111.76470588235294,6.333333333333333,18.0,1.0,105.88235294117648,5.88235294117647,84.21052631578947,7.07843137254902
R Dhawan,22,210,184,18,7,10,114.13043478260867,21.0,0.0,140.0,0.0,76.08695652173914,54.285714285714285,23.96739130434782
R Dravid,75,1963,1664,239,26,70,117.96875,28.042857142857144,771.0,160.0,46.33413461538461,9.615384615384617,56.647987773815586,33.08180803571429
R McLaren,11,108,124,8,0,8,87.09677419354838,13.5,12.0,28.0,9.67741935483871,22.58064516129032,29.629629629629626,11.758064516129032
R Ninan,1,3,5,0,0,1,60.0,3.0,0.0,3.0,0.0,60.0,0.0,1.8
R Parag,58,1173,855,84,60,47,137.19298245614036,24.95744680851064,50.0,373.0,5.847953216374268,43.62573099415204,59.33503836317136,34.23986562150056
R Powell,22,360,241,21,28,20,149.37759336099586,18.0,0.0,193.0,0.0,80.08298755186722,70.0,26.887966804979257
R Rampaul,6,50,46,3,2,4,108.69565217391305,12.5,0.0,28.0,0.0,60.86956521739131,48.0,13.58695652173913
R Ravindra,10,218,136,21,12,9,160.29411764705884,24.22222222222222,169.0,0.0,124.26470588235294,0.0,71.55963302752293,38.826797385620914
R Sai Kishore,1,13,5,0,2,1,260.0,13.0,0.0,13.0,0.0,260.0,92.3076923076923,33.8
R Sanjay Yadav,1,0,2,0,0,1,0.0,0.0,0.0,0.0,0.0,0.0,,0.0
R Sathish,24,269,222,22,6,16,121.17117117117118,16.8125,0.0,143.0,0.0,64.41441441441441,46.09665427509294,20.371903153153156
R Sharma,4,29,26,3,1,3,111.53846153846156,9.666666666666666,0.0,25.0,0.0,96.15384615384616,62.06896551724138,10.782051282051285
R Shepherd,9,115,60,7,10,5,191.66666666666669,23.0,0.0,90.0,0.0,150.0,76.52173913043478,44.08333333333334
R Shukla,4,19,23,2,0,2,82.6086956521739,9.5,0.0,16.0,0.0,69.56521739130434,42.10526315789473,7.8478260869565215
R Tewatia,64,1011,728,84,47,43,138.87362637362637,23.511627906976745,6.0,623.0,0.8241758241758242,85.57692307692307,61.12759643916914,32.651450293892154
R Vinay Kumar,34,260,220,17,8,20,118.1818181818182,13.0,0.0,208.0,0.0,94.54545454545455,44.61538461538462,15.363636363636367
RA Bawa,2,11,14,1,0,2,78.57142857142857,5.5,0.0,0.0,0.0,0.0,36.36363636363637,4.321428571428571
RA Jadeja,165,2582,1943,190,88,102,132.88728769943387,25.31372549019608,41.0,1313.0,2.110138960370561,67.57591353576943,49.88381099922541,33.63872321960179
RA Tripathi,93,2213,1571,219,83,81,140.86569064290262,27.320987654320987,959.0,163.0,61.043921069382556,10.37555697008275,62.087663804789884,38.48589794972142
RD Chahar,22,129,124,13,5,16,104.03225806451611,8.0625,0.0,104.0,0.0,83.87096774193549,63.565891472868216,8.387600806451612
RD Gaikwad,65,2372,1716,216,91,56,138.22843822843822,42.35714285714285,1126.0,179.0,65.61771561771562,10.431235431235432,59.44350758853288,58.549617049617034
RE Levi,5,83,67,10,4,5,123.88059701492536,16.6,62.0,0.0,92.53731343283582,0.0,77.10843373493977,20.564179104477613
RE van der Merwe,13,155,132,11,8,10,117.42424242424244,15.5,36.0,43.0,27.27272727272727,32.57575757575758,59.354838709677416,18.200757575757578
RG More,1,2,2,0,0,0,100.0,inf,0.0,2.0,0.0,100.0,0.0,inf
RG Sharma,245,6459,4864,588,273,227,132.7919407894737,28.45374449339207,2121.0,1101.0,43.60608552631579,22.635690789473685,61.774268462610316,37.78427954005333
RJ Gleeson,1,2,1,0,0,0,200.0,inf,0.0,2.0,0.0,200.0,0.0,inf
RJ Harris,20,112,106,5,3,11,105.66037735849056,10.181818181818182,0.0,82.0,0.0,77.35849056603774,33.92857142857143,10.758147512864493
RJ Peterson,4,19,15,2,1,2,126.66666666666666,9.5,0.0,18.0,0.0,120.0,73.68421052631578,12.033333333333333
RJ Quiney,7,103,97,12,3,7,106.18556701030928,14.714285714285714,65.0,0.0,67.0103092783505,0.0,64.07766990291263,15.624447717231224
RJW Topley,1,3,6,0,0,0,50.0,inf,0.0,3.0,0.0,50.0,0.0,inf
RK Bhui,4,10,26,0,0,4,38.46153846153847,2.5,0.0,0.0,0.0,0.0,0.0,0.9615384615384616
RK Singh,40,879,612,67,44,29,143.62745098039215,30.310344827586206,36.0,414.0,5.88235294117647,67.64705882352942,60.52332195676906,43.533975659229206
RM Patidar,24,798,490,51,54,24,162.85714285714286,33.25,170.0,34.0,34.69387755102041,6.938775510204081,66.16541353383458,54.15
RN ten Doeschate,19,253,178,19,13,15,142.13483146067415,16.866666666666667,5.0,170.0,2.8089887640449436,95.50561797752809,60.86956521739131,23.973408239700376
RP Meredith,2,0,3,0,0,1,0.0,0.0,0.0,0.0,0.0,0.0,,0.0
RP Singh,24,50,68,2,1,13,73.52941176470588,3.8461538461538463,0.0,48.0,0.0,70.58823529411765,28.000000000000004,2.828054298642534
RR Bhatkal,1,0,2,0,0,2,0.0,0.0,0.0,0.0,0.0,0.0,,0.0
RR Pant,110,3281,2175,297,153,96,150.85057471264366,34.177083333333336,389.0,615.0,17.885057471264368,28.27586206896552,64.18774763791527,51.55632662835249
RR Powar,6,56,50,6,1,1,112.0,56.0,0.0,53.0,0.0,106.0,53.57142857142857,62.72
RR Raje,5,20,18,1,1,1,111.11111111111111,20.0,0.0,20.0,0.0,111.11111111111111,50.0,22.22222222222222
RR Rossouw,22,471,304,45,25,21,154.9342105263158,22.428571428571427,139.0,56.0,45.723684210526315,18.421052631578945,70.06369426751591,34.74953007518797
RR Sarwan,4,73,74,6,1,3,98.64864864864865,24.33333333333333,45.0,0.0,60.810810810810814,0.0,41.0958904109589,24.0045045045045
RS Bopara,22,531,446,39,16,19,119.05829596412556,27.94736842105263,130.0,126.0,29.14798206278027,28.251121076233183,47.45762711864407,33.2736606089214
RS Gavaskar,1,2,8,0,0,1,25.0,2.0,0.0,0.0,0.0,0.0,0.0,0.5
RS Sodhi,1,4,2,1,0,0,200.0,inf,0.0,4.0,0.0,200.0,100.0,inf
RT Ponting,8,77,106,3,2,7,72.64150943396226,11.0,33.0,0.0,31.132075471698112,0.0,31.16883116883117,7.9905660377358485
RV Patel,7,80,72,6,2,5,111.11111111111111,16.0,0.0,49.0,0.0,68.05555555555556,45.0,17.77777777777778
RV Uthappa,152,3845,2807,374,150,142,136.978981118632,27.0774647887324,1576.0,314.0,56.145350908443184,11.186319914499466,62.3146944083225,37.09043538036198
Rahmanullah Gurbaz,13,283,208,24,18,13,136.05769230769232,21.76923076923077,183.0,0.0,87.98076923076923,0.0,72.08480565371025,29.618713017751485
Ramandeep Singh,13,164,97,8,12,6,169.0721649484536,27.33333333333333,2.0,87.0,2.0618556701030926,89.69072164948454,63.41463414634146,46.21305841924398
Rashid Khan,57,536,323,37,38,37,165.94427244582045,14.486486486486486,0.0,441.0,0.0,136.53250773993807,70.1492537313433,24.039494602962094
Rasikh Salam,6,40,39,5,0,5,102.56410256410255,8.0,0.0,27.0,0.0,69.23076923076923,50.0,8.205128205128204
Ravi Bishnoi,14,32,49,2,0,7,65.3061224489796,4.571428571428571,0.0,17.0,0.0,34.69387755102041,25.0,2.9854227405247813
S Anirudha,10,129,100,9,7,6,129.0,21.5,26.0,58.0,26.0,57.99999999999999,60.46511627906976,27.735
S Aravind,10,59,54,7,0,3,109.25925925925924,19.666666666666668,0.0,46.0,0.0,85.18518518518519,47.45762711864407,21.487654320987655
S Badree,5,13,23,0,0,5,56.52173913043478,2.6,0.0,3.0,0.0,13.043478260869565,0.0,1.4695652173913043
S Badrinath,58,1207,1000,133,24,43,120.7,28.069767441860463,155.0,306.0,15.5,30.599999999999998,56.006628003314,33.88020930232558
S Chanderpaul,3,25,31,4,0,3,80.64516129032258,8.333333333333334,25.0,0.0,80.64516129032258,0.0,64.0,6.720430107526881
S Dhawan,216,6651,5133,755,149,189,129.57334891876096,35.19047619047619,3321.0,493.0,64.6990064289889,9.6045197740113,58.8482934897008,45.59747850045921
S Dube,61,1499,1006,86,101,50,149.00596421471172,29.98,30.0,372.0,2.982107355864811,36.97813121272366,63.37558372248166,44.671988071570574
S Gopal,22,180,167,19,2,13,107.78443113772455,13.846153846153848,0.0,119.0,0.0,71.25748502994011,48.888888888888886,14.923998157531093
S Kaul,9,20,36,1,0,3,55.55555555555556,6.666666666666667,0.0,18.0,0.0,50.0,20.0,3.7037037037037037
S Kaushik,1,0,1,0,0,1,0.0,0.0,0.0,0.0,0.0,0.0,,0.0
S Ladda,2,0,9,0,0,2,0.0,0.0,0.0,0.0,0.0,0.0,,0.0
S Lamichhane,1,0,1,0,0,1,0.0,0.0,0.0,0.0,0.0,0.0,,0.0
S Nadeem,19,33,80,1,0,15,41.25,2.2,0.0,17.0,0.0,21.25,12.121212121212121,0.9075000000000002
S Narwal,4,37,27,6,0,4,137.03703703703704,9.25,0.0,19.0,0.0,70.37037037037037,64.86486486486487,12.675925925925926
S Rana,7,71,63,7,1,4,112.6984126984127,17.75,20.0,44.0,31.746031746031743,69.84126984126983,47.88732394366197,20.003968253968253
S Randiv,1,2,4,0,0,1,50.0,2.0,0.0,2.0,0.0,50.0,0.0,1.0
S Sohal,17,333,250,32,16,15,133.20000000000002,22.2,250.0,4.0,100.0,1.6,67.26726726726727,29.570400000000003
S Sreesanth,9,33,42,6,0,2,78.57142857142857,16.5,0.0,33.0,0.0,78.57142857142857,72.72727272727273,12.964285714285714
S Sriram,2,31,35,3,0,2,88.57142857142857,15.5,13.0,0.0,37.142857142857146,0.0,38.70967741935484,13.72857142857143
S Tyagi,1,3,4,0,0,0,75.0,inf,0.0,3.0,0.0,75.0,0.0,inf
S Vidyut,8,145,108,21,3,8,134.25925925925927,18.125,103.0,0.0,95.37037037037037,0.0,70.34482758620689,24.334490740740744
SA Abbott,3,22,17,1,2,2,129.41176470588235,11.0,0.0,20.0,0.0,117.64705882352942,72.72727272727273,14.235294117647058
SA Asnodkar,19,423,327,56,10,19,129.3577981651376,22.26315789473684,278.0,0.0,85.01529051987767,0.0,67.13947990543736,28.79913085465958
SA Yadav,133,3575,2424,383,129,110,147.48349834983495,32.5,859.0,510.0,35.43729372937294,21.03960396039604,64.5034965034965,47.93213696369636
SB Bangar,7,49,55,1,3,6,89.0909090909091,8.166666666666666,0.0,29.0,0.0,52.72727272727272,44.89795918367347,7.275757575757575
SB Dubey,3,33,19,3,2,2,173.6842105263158,16.5,0.0,10.0,0.0,52.63157894736842,72.72727272727273,28.65789473684211
SB Jakati,5,28,29,3,0,2,96.55172413793105,14.0,0.0,28.0,0.0,96.55172413793103,42.857142857142854,13.517241379310347
SB Joshi,2,6,14,0,0,2,42.85714285714285,3.0,0.0,0.0,0.0,0.0,0.0,1.2857142857142856
SB Styris,10,131,129,10,3,7,101.55038759689924,18.714285714285715,8.0,21.0,6.2015503875969,16.27906976744186,44.274809160305345,19.004429678848286
SC Ganguly,38,1025,909,104,35,38,112.76127612761276,26.973684210526315,398.0,98.0,43.784378437843785,10.78107810781078,61.073170731707314,30.41587053442186
SD Chitnis,7,84,78,9,1,6,107.6923076923077,14.0,1.0,24.0,1.282051282051282,30.76923076923077,50.0,15.076923076923077
SD Hope,9,183,122,12,12,8,150.0,22.875,78.0,7.0,63.934426229508205,5.737704918032787,65.57377049180327,34.3125
SD Lad,1,15,13,1,1,1,115.38461538461536,15.0,15.0,0.0,115.38461538461537,0.0,66.66666666666666,17.307692307692307
SE Bond,1,1,2,0,0,1,50.0,1.0,0.0,0.0,0.0,0.0,0.0,0.5
SE Marsh,65,2334,1706,252,73,61,136.81125439624853,38.26229508196721,729.0,162.0,42.73153575615475,9.495896834701055,61.95372750642674,52.34712586243345
SE Rutherford,9,106,100,3,8,7,106.0,15.142857142857142,4.0,49.0,4.0,49.0,56.60377358490566,16.05142857142857
SH Johnson,3,6,6,1,0,0,100.0,inf,0.0,6.0,0.0,100.0,66.66666666666666,inf
SJ Srivastava,3,4,4,0,0,1,100.0,4.0,0.0,4.0,0.0,100.0,0.0,4.0
SK Raina,192,5318,3807,489,197,161,139.69004465458366,33.03105590062112,1507.0,614.0,39.58497504596795,16.128184922511164,59.007145543437375,46.14109673745813
SK Trivedi,14,42,58,3,1,8,72.41379310344827,5.25,0.0,40.0,0.0,68.96551724137932,42.857142857142854,3.8017241379310343
SK Warne,26,195,199,14,6,18,97.98994974874373,10.833333333333334,0.0,115.0,0.0,57.78894472361809,47.179487179487175,10.615577889447238
SL Malinga,18,69,80,4,4,11,86.25,6.2727272727272725,0.0,61.0,0.0,76.25,57.971014492753625,5.410227272727273
SM Curran,48,874,637,72,37,36,137.20565149136578,24.27777777777778,123.0,332.0,19.309262166405023,52.119309262166404,58.35240274599543,33.310483167626025
SM Harwood,2,8,10,0,0,0,80.0,inf,0.0,8.0,0.0,80.0,0.0,inf
SM Katich,11,240,178,26,8,10,134.8314606741573,24.0,145.0,17.0,81.46067415730337,9.550561797752808,63.33333333333333,32.359550561797754
SM Pollock,8,147,109,12,8,8,134.8623853211009,18.375,1.0,72.0,0.9174311926605505,66.05504587155964,65.3061224489796,24.780963302752287
SMSM Senanayake,2,8,15,0,0,1,53.333333333333336,8.0,0.0,7.0,0.0,46.666666666666664,0.0,4.266666666666667
SN Khan,36,578,438,62,14,28,131.96347031963472,20.642857142857142,89.0,234.0,20.319634703196346,53.42465753424658,57.43944636678201,27.24103065883888
SN Thakur,34,306,218,27,13,23,140.36697247706422,13.304347826086955,0.0,169.0,0.0,77.52293577981652,60.78431372549019,18.674910251296367
SO Hetmyer,65,1241,792,76,82,40,156.69191919191917,31.025,60.0,680.0,7.575757575757576,85.85858585858585,64.14182111200645,48.61366792929292
SP Fleming,10,192,158,26,3,9,121.51898734177216,21.33333333333333,116.0,0.0,73.41772151898735,0.0,63.541666666666664,25.92405063291139
SP Goswami,20,286,288,31,3,19,99.30555555555556,15.052631578947368,156.0,11.0,54.166666666666664,3.8194444444444446,49.65034965034965,14.948099415204679
SP Jackson,8,61,57,5,1,6,107.01754385964912,10.166666666666666,10.0,19.0,17.543859649122805,33.33333333333333,42.62295081967213,10.880116959064326
SP Narine,103,1532,887,164,97,84,172.71702367531003,18.23809523809524,944.0,93.0,106.42615558060879,10.4847801578354,80.80939947780679,31.500295270306548
SPD Smith,72,1952,1518,184,41,63,128.59025032938075,30.984126984126984,481.0,334.0,31.68642951251647,22.002635046113305,50.307377049180324,39.8425664512621
SR Tendulkar,72,2079,1698,263,25,65,122.4381625441696,31.984615384615385,1013.0,104.0,59.65842167255595,6.124852767962309,57.816257816257824,39.161375373742864
SR Watson,135,3631,2613,353,176,120,138.95905089934942,30.258333333333333,1353.0,286.0,51.77956371986223,10.945273631840797,67.97025612778849,42.04669281796148
SS Cottrell,1,0,2,0,0,1,0.0,0.0,0.0,0.0,0.0,0.0,,0.0
SS Iyer,114,3123,2420,271,113,102,129.0495867768595,30.61764705882353,874.0,363.0,36.11570247933884,15.0,56.42010886967659,39.51194701020905
SS Prabhudessai,10,126,102,11,4,9,123.52941176470588,14.0,8.0,23.0,7.8431372549019605,22.54901960784314,53.96825396825397,17.294117647058826
SS Shaikh,1,6,7,1,0,0,85.71428571428571,inf,0.0,0.0,0.0,0.0,66.66666666666666,inf
SS Tiwary,67,1324,1090,102,44,44,121.46788990825688,30.09090909090909,155.0,307.0,14.220183486238533,28.165137614678898,50.755287009063444,36.55079232693911
ST Jayasuriya,30,760,514,84,38,29,147.85992217898834,26.20689655172414,507.0,0.0,98.63813229571986,0.0,74.21052631578947,38.74949684690729
STR Binny,63,840,648,64,33,42,129.62962962962962,20.0,18.0,297.0,2.7777777777777777,45.83333333333333,54.047619047619044,25.92592592592592
SV Samson,161,4402,3122,350,206,140,140.9993593850096,31.442857142857143,1220.0,537.0,39.077514413837285,17.200512491992313,59.881871876419815,44.3342271437723
SW Billings,27,497,375,40,19,26,132.53333333333333,19.115384615384617,125.0,76.0,33.33333333333333,20.266666666666666,55.13078470824949,25.334256410256412
SW Tait,4,13,17,0,1,3,76.47058823529412,4.333333333333333,0.0,3.0,0.0,17.647058823529413,46.15384615384615,3.3137254901960778
SZ Mulani,1,1,1,0,0,0,100.0,inf,0.0,1.0,0.0,100.0,0.0,inf
Sachin Baby,11,142,114,11,5,10,124.56140350877196,14.2,0.0,84.0,0.0,73.68421052631578,52.112676056338024,17.687719298245618
Salman Butt,7,192,155,30,2,7,123.87096774193547,27.428571428571427,103.0,4.0,66.45161290322581,2.5806451612903225,68.75,33.97603686635944
Sameer Rizvi,5,51,43,4,2,4,118.6046511627907,12.75,0.0,29.0,0.0,67.44186046511628,54.90196078431373,15.122093023255813
Sandeep Sharma,24,53,67,4,0,5,79.1044776119403,10.6,0.0,41.0,0.0,61.19402985074627,30.18867924528302,8.385074626865672
Sanvir Singh,5,25,20,2,1,2,125.0,12.5,7.0,18.0,35.0,90.0,56.00000000000001,15.625
Saurav Chauhan,3,18,15,1,1,3,120.0,6.0,0.0,16.0,0.0,106.66666666666667,55.55555555555556,7.2
Shahbaz Ahmed,37,535,427,28,25,29,125.29274004683842,18.448275862068964,21.0,208.0,4.918032786885246,48.711943793911004,48.97196261682243,23.114350318985707
Shahid Afridi,9,81,45,7,6,8,180.0,10.125,43.0,22.0,95.55555555555556,48.888888888888886,79.01234567901234,18.225
Shakib Al Hasan,50,744,591,69,19,37,125.88832487309644,20.10810810810811,37.0,262.0,6.260575296108291,44.33164128595601,52.41935483870967,25.313760460968584
Shashank Singh,19,423,255,33,25,11,165.8823529411765,38.45454545454545,34.0,158.0,13.333333333333334,61.96078431372549,66.66666666666666,63.78930481283423
Shivam Mavi,11,51,55,4,2,9,92.72727272727272,5.666666666666667,0.0,48.0,0.0,87.27272727272727,54.90196078431373,5.254545454545454
Shivam Sharma,2,5,3,1,0,1,166.66666666666669,5.0,0.0,5.0,0.0,166.66666666666669,80.0,8.333333333333336
Shivam Singh,1,2,3,0,0,0,66.66666666666666,inf,0.0,2.0,0.0,66.66666666666666,0.0,inf
Shoaib Ahmed,3,1,6,0,0,2,16.666666666666664,0.5,0.0,0.0,0.0,0.0,0.0,0.08333333333333331
Shoaib Akhtar,1,2,7,0,0,1,28.57142857142857,2.0,0.0,0.0,0.0,0.0,0.0,0.5714285714285714
Shoaib Malik,5,51,45,5,0,4,113.33333333333331,12.75,17.0,2.0,37.77777777777778,4.444444444444445,39.21568627450981,14.449999999999998
Shubman Gill,99,3205,2344,308,95,85,136.7320819112628,37.70588235294117,1423.0,267.0,60.708191126279864,11.390784982935154,56.22464898595943,51.5560379441879
Sikandar Raza,9,182,134,12,8,7,135.82089552238804,26.0,8.0,34.0,5.970149253731343,25.37313432835821,52.74725274725275,35.31343283582089
Simarjeet Singh,3,7,8,0,0,1,87.5,7.0,0.0,5.0,0.0,62.5,0.0,6.125
Sohail Tanvir,5,35,28,3,1,3,125.0,11.666666666666666,13.0,11.0,46.42857142857143,39.285714285714285,51.42857142857142,14.583333333333332
Sumit Kumar,3,18,21,2,1,2,85.71428571428571,9.0,0.0,2.0,0.0,9.523809523809524,77.77777777777779,7.7142857142857135
Sunny Gupta,1,0,1,0,0,1,0.0,0.0,0.0,0.0,0.0,0.0,,0.0
Sunny Singh,4,31,24,3,1,3,129.16666666666669,10.333333333333334,3.0,7.0,12.5,29.166666666666668,58.06451612903226,13.347222222222223
Swapnil Singh,9,51,44,3,3,5,115.90909090909092,10.2,0.0,26.0,0.0,59.09090909090909,58.82352941176471,11.822727272727272
T Banton,2,18,20,1,1,2,90.0,9.0,18.0,0.0,90.0,0.0,55.55555555555556,8.1
T Henderson,2,11,15,0,1,1,73.33333333333333,11.0,2.0,0.0,13.333333333333334,0.0,54.54545454545454,8.066666666666666
T Kohler-Cadmore,3,48,53,7,1,3,90.56603773584906,16.0,47.0,0.0,88.67924528301887,0.0,70.83333333333334,14.490566037735851
T Kohli,3,11,19,0,1,3,57.89473684210527,3.6666666666666665,7.0,4.0,36.84210526315789,21.052631578947366,54.54545454545454,2.1228070175438596
T Natarajan,2,3,5,0,0,0,60.0,inf,0.0,3.0,0.0,60.0,0.0,inf
T Shamsi,1,2,4,0,0,0,50.0,inf,0.0,2.0,0.0,50.0,0.0,inf
T Stubbs,17,399,228,26,25,9,175.0,44.333333333333336,10.0,227.0,4.385964912280701,99.56140350877193,63.65914786967418,77.58333333333334
T Taibu,3,31,26,3,0,3,119.23076923076924,10.333333333333334,0.0,9.0,0.0,34.61538461538461,38.70967741935484,12.320512820512823
T Thushara,4,12,18,0,0,2,66.66666666666666,6.0,0.0,12.0,0.0,66.66666666666666,0.0,3.9999999999999996
TA Boult,21,83,78,5,3,7,106.4102564102564,11.857142857142858,0.0,67.0,0.0,85.8974358974359,45.78313253012048,12.617216117216117
TG Southee,19,120,106,8,4,11,113.20754716981132,10.909090909090908,0.0,104.0,0.0,98.11320754716981,46.666666666666664,12.349914236706688
TH David,35,652,379,38,45,23,172.0316622691293,28.347826086956523,0.0,445.0,0.0,117.41424802110818,64.7239263803681,48.767236434553176
TK Curran,10,127,105,10,3,5,120.95238095238096,25.4,0.0,58.0,0.0,55.23809523809524,45.66929133858268,30.72190476190476
TL Seifert,3,26,22,4,0,3,118.1818181818182,8.666666666666666,24.0,2.0,109.09090909090908,9.090909090909092,61.53846153846154,10.242424242424242
TL Suman,33,588,488,44,23,24,120.49180327868852,24.5,146.0,96.0,29.918032786885245,19.672131147540984,53.40136054421769,29.520491803278688
TM Dilshan,44,981,835,116,22,37,117.48502994011976,26.513513513513512,417.0,151.0,49.94011976047904,18.08383233532934,60.75433231396534,31.14940928952905
TM Head,25,767,436,75,40,20,175.91743119266056,38.35,408.0,93.0,93.57798165137615,21.3302752293578,70.40417209908736,67.46433486238533
TM Srivastava,3,8,11,0,0,1,72.72727272727273,8.0,0.0,4.0,0.0,36.36363636363637,0.0,5.818181818181818
TR Birt,3,28,29,2,1,3,96.55172413793105,9.333333333333334,0.0,12.0,0.0,41.37931034482759,50.0,9.011494252873565
TS Mills,5,8,13,0,1,4,61.53846153846154,2.0,0.0,6.0,0.0,46.15384615384615,75.0,1.2307692307692308
TU Deshpande,3,21,13,2,1,1,161.53846153846155,21.0,0.0,21.0,0.0,161.53846153846155,66.66666666666666,33.92307692307693
Tanush Kotian,1,24,31,3,0,1,77.41935483870968,24.0,18.0,0.0,58.06451612903226,0.0,50.0,18.58064516129032
Tilak Varma,38,1154,774,90,58,27,149.09560723514213,42.74074074074074,109.0,191.0,14.082687338501293,24.67700258397933,61.35181975736569,63.724566944205186
U Kaul,1,0,1,0,0,0,0.0,0.0,0.0,0.0,0.0,0.0,,0.0
UBT Chand,19,283,273,30,9,19,103.66300366300368,14.894736842105264,116.0,7.0,42.49084249084249,2.564102564102564,61.48409893992933,15.440331598226336
UT Khawaja,6,127,98,14,3,5,129.59183673469389,25.4,107.0,0.0,109.18367346938776,0.0,58.26771653543307,32.916326530612245
UT Yadav,45,200,189,16,9,20,105.8201058201058,10.0,0.0,176.0,0.0,93.12169312169311,59.0,10.58201058201058
Umar Gul,4,39,17,1,5,3,229.41176470588235,13.0,0.0,21.0,0.0,123.52941176470588,87.17948717948718,29.823529411764707
Umran Malik,4,17,14,1,1,1,121.42857142857142,17.0,0.0,17.0,0.0,121.42857142857142,58.82352941176471,20.642857142857142
V Kohli,237,7817,5844,691,267,212,133.76112251882273,36.87264150943396,2777.0,1069.0,47.51882272416154,18.29226557152635,55.8526288857618,49.32125918536025
V Pratap Singh,1,0,1,0,0,1,0.0,0.0,0.0,0.0,0.0,0.0,,0.0
V Sehwag,97,2398,1500,298,90,91,159.86666666666667,26.35164835164835,1466.0,23.0,97.73333333333333,1.5333333333333332,72.22685571309424,42.12750183150183
V Shankar,58,1110,841,79,45,43,131.98573127229488,25.813953488372093,104.0,390.0,12.366230677764566,46.37336504161712,52.792792792792795,34.07073528191798
V Viyaskanth,1,7,5,0,0,0,140.0,inf,0.0,7.0,0.0,140.0,0.0,inf
VG Arora,7,9,16,0,0,2,56.25,4.5,0.0,9.0,0.0,56.25,0.0,2.53125
VH Zol,2,29,26,3,1,2,111.53846153846156,14.5,22.0,0.0,84.61538461538461,0.0,62.06896551724138,16.173076923076927
VR Aaron,12,49,71,2,2,4,69.01408450704226,12.25,0.0,48.0,0.0,67.6056338028169,40.816326530612244,8.454225352112676
VR Iyer,49,1320,949,121,60,43,139.09378292939937,30.69767441860465,592.0,65.0,62.381454162276086,6.8493150684931505,63.93939393939394,42.69855662018771
VRV Singh,2,4,2,1,0,1,200.0,4.0,0.0,4.0,0.0,200.0,100.0,8.0
VS Malik,2,7,6,1,0,1,116.66666666666669,7.0,0.0,7.0,0.0,116.66666666666667,57.14285714285714,8.166666666666668
VS Yeligati,1,2,2,0,0,1,100.0,2.0,0.0,2.0,0.0,100.0,0.0,2.0
VVS Laxman,17,238,222,30,3,14,107.2072072072072,17.0,156.0,2.0,70.27027027027027,0.9009009009009009,57.98319327731093,18.225225225225223
VY Mahesh,4,15,26,0,0,2,57.692307692307686,7.5,0.0,12.0,0.0,46.15384615384615,0.0,4.326923076923077
Vijaykumar Vyshak,4,14,12,0,1,2,116.66666666666669,7.0,0.0,14.0,0.0,116.66666666666667,42.857142857142854,8.166666666666668
Virat Singh,2,15,25,1,0,3,60.0,5.0,0.0,0.0,0.0,0.0,26.666666666666668,3.0
Vishnu Vinod,6,55,55,3,3,6,100.0,9.166666666666666,10.0,8.0,18.181818181818183,14.545454545454545,54.54545454545454,9.166666666666666
Vivrant Sharma,1,69,45,9,2,1,153.33333333333334,69.0,27.0,0.0,60.0,0.0,69.56521739130434,105.8
W Jaffer,8,130,120,14,3,7,108.33333333333331,18.571428571428573,77.0,0.0,64.16666666666667,0.0,56.92307692307692,20.119047619047617
WA Mota,8,56,73,2,0,5,76.71232876712328,11.2,0.0,13.0,0.0,17.80821917808219,14.285714285714285,8.591780821917807
WD Parnell,2,4,7,0,0,2,57.14285714285714,2.0,0.0,4.0,0.0,57.14285714285714,0.0,1.1428571428571428
WG Jacks,8,224,127,16,17,6,176.3779527559055,37.333333333333336,73.0,0.0,57.48031496062992,0.0,74.10714285714286,65.8477690288714
WP Saha,141,2870,2197,293,83,117,130.63268092853892,24.52991452991453,1372.0,421.0,62.44879380974056,19.162494310423305,58.18815331010453,32.04408497990656
WPUJC Vaas,11,75,70,2,2,7,107.14285714285714,10.714285714285714,0.0,49.0,0.0,70.0,26.666666666666668,11.479591836734691
Washington Sundar,36,377,317,32,9,27,118.92744479495268,13.962962962962964,16.0,212.0,5.047318611987381,66.8769716088328,48.275862068965516,16.605795069517466
X Thalaivan Sargunam,1,10,17,0,0,1,58.82352941176471,10.0,0.0,0.0,0.0,0.0,0.0,5.882352941176471
Y Nagar,17,221,180,15,9,12,122.7777777777778,18.416666666666668,2.0,129.0,1.1111111111111112,71.66666666666667,51.58371040723983,22.611574074074078
Y Prithvi Raj,1,0,1,0,0,0,0.0,0.0,0.0,0.0,0.0,0.0,,0.0
Y Venugopal Rao,48,908,746,70,34,39,121.71581769436996,23.28205128205128,75.0,289.0,10.05361930294906,38.73994638069705,53.30396475770925,28.33793909397126
YBK Jaiswal,52,1595,1045,198,63,49,152.63157894736844,32.55102040816327,997.0,48.0,95.40669856459331,4.5933014354066986,73.35423197492163,49.68313641245973
YK Pathan,146,3056,2082,248,156,104,146.7819404418828,29.384615384615383,357.0,810.0,17.146974063400577,38.90489913544668,63.089005235602095,43.13130865292248
YS Chahal,16,37,84,0,0,6,44.04761904761904,6.166666666666667,0.0,32.0,0.0,38.095238095238095,0.0,2.716269841269841
YV Dhull,3,16,23,1,0,3,69.56521739130434,5.333333333333333,2.0,0.0,8.695652173913043,0.0,25.0,3.7101449275362315
YV Takawale,10,191,171,26,3,8,111.69590643274854,23.875,121.0,28.0,70.76023391812866,16.374269005847953,63.87434554973822,26.667397660818715
Yash Dayal,1,0,1,0,0,1,0.0,0.0,0.0,0.0,0.0,0.0,,0.0
Yashpal Singh,4,47,65,5,0,4,72.3076923076923,11.75,17.0,11.0,26.153846153846157,16.923076923076923,42.5531914893617,8.496153846153847
Younis Khan,1,3,7,0,0,1,42.85714285714285,3.0,3.0,0.0,42.857142857142854,0.0,0.0,1.2857142857142856
Yudhvir Singh,4,22,16,1,2,4,137.5,5.5,0.0,1.0,0.0,6.25,72.72727272727273,7.5625
Yuvraj Singh,100,2161,1642,178,116,88,131.60779537149818,24.556818181818183,158.0,448.0,9.622411693057249,27.28380024360536,65.15502082369274,32.31868702247814
Z Khan,27,116,137,11,2,15,84.67153284671532,7.733333333333333,0.0,100.0,0.0,72.99270072992701,48.275862068965516,6.547931873479318
